Code_commune_INSEE,Nom_commune,Code_postal,Ligne_5,Libell√©_d_acheminement,coordonnees_geographiques_x,coordonnees_geographiques_y
22002,ANDEL,22400,,ANDEL,48.49410569,-2.551043716
22014,BOURSEUL,22130,,BOURSEUL,48.467127385,-2.264932118
22016,ILE DE BREHAT,22870,,ILE DE BREHAT,48.858114867,-3.003513815
22020,BROONS,22250,,BROONS,48.311312015,-2.240918454
22023,BULAT PESTIVIEN,22160,,BULAT PESTIVIEN,48.434294258,-3.332709572
22025,CALLAC,22160,,CALLAC DE BRETAGNE,48.421972056,-3.416489607
22032,CAULNES,22350,,CAULNES,48.302142635,-2.160425566
22039,LA CHEZE,22210,,LA CHEZE,48.134140598,-2.662484355
22041,COATASCORN,22140,,COATASCORN,48.669567466,-3.255263649
22044,COETMIEUX,22400,,COETMIEUX,48.48660486,-2.592206508
22046,LE MENE,22330,ST GOUENO,LE MENE,48.282633111,-2.531186445
22046,LE MENE,22330,ST JACUT DU MENE,LE MENE,48.282633111,-2.531186445
22047,CORLAY,22320,,CORLAY,48.309913353,-3.037663372
22050,DINAN,22100,,DINAN,48.446122862,-2.051305632
22054,ERQUY,22430,CAROUAL,ERQUY,48.619417039,-2.458382714
22054,ERQUY,22430,LES HOPITAUX,ERQUY,48.619417039,-2.458382714
22063,GOMMENEC H,22290,,GOMMENEC H,48.637393035,-3.04781756
22067,GRACES,22200,,GRACES,48.544781997,-3.182427449
22076,HENANBIHEN,22550,,HENANBIHEN,48.557983876,-2.381556448
22084,JUGON LES LACS COMMUNE NOUVELLE,22270,DOLO,JUGON LES LACS COMMUNE NOUVELLE,48.406110996,-2.326902147
22084,JUGON LES LACS COMMUNE NOUVELLE,22270,ST IGNEUC,JUGON LES LACS COMMUNE NOUVELLE,48.406110996,-2.326902147
22087,KERGRIST MOELOU,22110,,KERGRIST MOELOU,48.294604205,-3.325603286
22090,KERMARIA SULARD,22450,,KERMARIA SULARD,48.773490968,-3.373389455
22093,LAMBALLE ARMOR,22400,LAMBALLE,LAMBALLE ARMOR,48.485734593,-2.472990332
22093,LAMBALLE ARMOR,22400,PLANGUENOUAL,LAMBALLE ARMOR,48.485734593,-2.472990332
22093,LAMBALLE ARMOR,22400,TREGOMAR,LAMBALLE ARMOR,48.485734593,-2.472990332
22097,LA LANDEC,22980,,LA LANDEC,48.42566669,-2.183105118
22104,LANGUEDIAS,22980,,LANGUEDIAS,48.393034923,-2.205716553
22107,BON REPOS SUR BLAVET,22570,PERRET,BON REPOS SUR BLAVET,48.223995004,-3.123600422
22115,LANRIVAIN,22480,,LANRIVAIN,48.359080915,-3.215237264
22116,LANRODEC,22170,,LANRODEC,48.499564605,-3.043315239
22117,LANTIC,22410,NOTRE DAME DE LA COUR,LANTIC,48.60420815,-2.898801204
22118,LANVALLAY,22100,ST SOLEN,LANVALLAY,48.451576812,-2.011490444
22121,LANVOLLON,22290,,LANVOLLON,48.633506703,-2.990158549
22135,LOUARGAT,22540,,LOUARGAT,48.561117357,-3.340901278
22139,MAGOAR,22480,,MAGOAR,48.401214491,-3.17709856
22141,MANTALLOT,22450,,MANTALLOT,48.71048125,-3.292636862
22143,MATIGNON,22550,,MATIGNON,48.6016128,-2.290149818
22144,LA MEAUGON,22440,,LA MEAUGON,48.504424135,-2.846723287
22160,NOYAL,22400,,NOYAL,48.451110783,-2.463797774
22164,PEDERNEC,22540,LE QUINQUIS,PEDERNEC,48.588026489,-3.277099925
22165,PENGUILY,22510,,PENGUILY,48.371268497,-2.494263392
22168,PERROS GUIREC,22700,PLOUMANACH,PERROS GUIREC,48.812104419,-3.466956832
22177,PLEGUIEN,22290,,PLEGUIEN,48.634839291,-2.948372029
22183,PLEMET,22210,,PLEMET,48.174589649,-2.597019243
22184,PLEMY,22150,,PLEMY,48.33814777,-2.676607262
22194,PLESTIN LES GREVES,22310,ST EFFLAM,PLESTIN LES GREVES,48.647713454,-3.620177657
22195,PLEUBIAN,22610,L ARMOR,PLEUBIAN,48.842891237,-3.134523886
22197,PLEUDIHEN SUR RANCE,22690,,PLEUDIHEN SUR RANCE,48.509515077,-1.94126291
22201,PLEVENON,22240,,PLEVENON,48.656473906,-2.319970446
22205,PLOREC SUR ARGUENON,22130,,PLOREC SUR ARGUENON,48.463606587,-2.301044567
22210,PLOUBAZLANEC,22620,L ARCOUEST,PLOUBAZLANEC,48.805320954,-3.04473119
22215,PLOUFRAGAN,22440,,PLOUFRAGAN,48.487289354,-2.808099038
22215,PLOUFRAGAN,22440,LES CROIX,PLOUFRAGAN,48.487289354,-2.808099038
22221,PLOUGUIEL,22220,,PLOUGUIEL,48.804944488,-3.244652701
22236,PLUDUAL,22290,,PLUDUAL,48.666240012,-2.986208201
22249,PONT MELVEZ,22390,,PONT MELVEZ,48.474317873,-3.284974982
22257,QUEMPERVEN,22450,,QUEMPERVEN,48.725723061,-3.336661973
22265,ROSPEZ,22300,,ROSPEZ,48.735707442,-3.386852444
22271,ST ADRIEN,22390,,ST ADRIEN,48.489391674,-3.132212629
22273,ST ALBAN,22400,,ST ALBAN,48.554724543,-2.508754851
22281,ST CARREUC,22150,,ST CARREUC,48.404116195,-2.749730127
22282,ST CAST LE GUILDO,22380,NOTRE DAME DU GUILDO,ST CAST LE GUILDO,48.60362037,-2.248600685
22283,ST CLET,22260,,ST CLET,48.66983713,-3.137436531
22289,ST FIACRE,22720,,ST FIACRE,48.45524135,-3.052648675
22293,ST GILLES LES BOIS,22290,,ST GILLES LES BOIS,48.657131642,-3.090866393
22317,ST MELOIR DES BOIS,22980,,ST MELOIR DES BOIS,48.442385045,-2.257028528
22319,ST MICHEL EN GREVE,22300,,ST MICHEL EN GREVE,48.674343414,-3.55664739
22327,ST SAMSON SUR RANCE,22100,,ST SAMSON SUR RANCE,48.491427043,-2.01862491
22333,ST VRAN,22230,,ST VRAN,48.24330087,-2.45695156
22334,ST IGEAUX,22570,,ST IGEAUX,48.277397126,-3.114492415
22346,TREDANIEL,22510,,TREDANIEL,48.346521095,-2.60527508
22352,TREFUMEL,22630,,TREFUMEL,48.337331903,-2.023930455
22353,TREGASTEL,22730,,TREGASTEL,48.817228001,-3.507325469
22363,TRELEVERN,22660,,TRELEVERN,48.80139516,-3.369686834
22365,TREMARGAT,22110,,TREMARGAT,48.330117497,-3.26716046
22366,TREMEL,22310,,TREMEL,48.60491008,-3.617901524
22378,TREVEREC,22290,,TREVEREC,48.659311424,-3.055160991
22379,TREVOU TREGUIGNEC,22660,,TREVOU TREGUIGNEC,48.811886933,-3.34490682
22381,TREZENY,22450,,TREZENY,48.754383331,-3.361108888
22385,LA VICOMTE SUR RANCE,22690,,LA VICOMTE SUR RANCE,48.487850282,-1.983393035
22388,VILDE GUINGALAN,22980,,VILDE GUINGALAN,48.436341144,-2.151586081
22389,YFFINIAC,22120,,YFFINIAC,48.4679349,-2.681727195
22001,ALLINEUC,22460,,ALLINEUC,48.311573307,-2.867064963
22004,BEGARD,22140,TREZELAN,BEGARD,48.634782583,-3.291535083
22006,BERHET,22140,,BERHET,48.697506385,-3.30845977
22012,LA BOUILLIE,22240,,LA BOUILLIE,48.583588595,-2.441947295
22021,BRUSVILY,22100,,BRUSVILY,48.393989061,-2.117702839
22027,LE CAMBOUT,22210,,LE CAMBOUT,48.059112645,-2.620841932
22031,CARNOET,22160,,CARNOET,48.3592397,-3.532103641
22033,CAUREL,22530,,CAUREL,48.217245547,-3.039755655
22034,CAVAN,22140,,CAVAN,48.682154744,-3.352407327
22037,LA CHAPELLE NEUVE,22160,,LA CHAPELLE NEUVE,48.465714134,-3.439967064
22046,LE MENE,22330,LE GOURAY,LE MENE,48.282633111,-2.531186445
22048,CORSEUL,22130,,CORSEUL,48.483035588,-2.166319018
22049,CREHEN,22130,,CREHEN,48.53989692,-2.190296083
22052,DUAULT,22160,,DUAULT,48.364888617,-3.436000756
22055,BINIC ETABLES SUR MER,22520,BINIC,BINIC ETABLES SUR MER,48.616851128,-2.837862888
22062,GOMENE,22230,,GOMENE,48.180098194,-2.49202851
22067,GRACES,22200,GOURLAN GRACES,GRACES,48.544781997,-3.182427449
22068,GRACE UZEL,22460,,GRACE UZEL,48.250373749,-2.794165533
22070,GUINGAMP,22200,,GUINGAMP,48.560629908,-3.153482472
22081,HILLION,22120,ST RENE HILLION,HILLION,48.50299934,-2.646209136
22083,ILLIFAUT,22230,,ILLIFAUT,48.144442615,-2.336135453
22086,KERFOT,22500,,KERFOT,48.736872066,-3.031479505
22091,KERMOROC H,22140,,KERMOROC H,48.614871381,-3.20363397
22093,LAMBALLE ARMOR,22400,MORIEUX,LAMBALLE ARMOR,48.485734593,-2.472990332
22093,LAMBALLE ARMOR,22400,ST AARON,LAMBALLE ARMOR,48.485734593,-2.472990332
22095,LANDEBAERON,22140,,LANDEBAERON,48.637650067,-3.204871813
22098,LANDEHEN,22400,,LANDEHEN,48.422074366,-2.541774632
22106,LANGUEUX,22360,,LANGUEUX,48.5000312,-2.709716021
22108,LANLEFF,22290,,LANLEFF,48.693054909,-3.046367898
22110,LANMERIN,22300,,LANMERIN,48.739896973,-3.357535431
22126,LE LESLAY,22800,,LE LESLAY,48.423988985,-2.965116606
22134,LOUANNEC,22700,,LOUANNEC,48.783589414,-3.412307723
22145,MEGRIT,22270,,MEGRIT,48.389735749,-2.267409842
22147,MERDRIGNAC,22230,,MERDRIGNAC,48.193667485,-2.396224664
22152,MINIHY TREGUIER,22220,,MINIHY TREGUIER,48.767972513,-3.259389123
22153,MONCONTOUR,22510,,MONCONTOUR DE BRETAGNE,48.358238515,-2.633786769
22157,LE MOUSTOIR,22340,,LE MOUSTOIR,48.273660501,-3.49127303
22166,PENVENAN,22710,PORT BLANC,PENVENAN,48.816972706,-3.301924259
22168,PERROS GUIREC,22700,,PERROS GUIREC,48.812104419,-3.466956832
22169,PEUMERIT QUINTIN,22480,,PEUMERIT QUINTIN,48.363361135,-3.285099446
22178,PLEHEDEL,22290,,PLEHEDEL,48.694654588,-3.006755586
22179,FREHEL,22240,,FREHEL,48.634581636,-2.361916102
22179,FREHEL,22240,SABLES D OR LES PINS,FREHEL,48.634581636,-2.361916102
22180,PLELAN LE PETIT,22980,,PLELAN LE PETIT,48.426818936,-2.22411872
22181,PLELAUFF,22570,,PLELAUFF,48.198310035,-3.203805807
22183,PLEMET,22210,LA FERRIERE,PLEMET,48.174589649,-2.597019243
22186,PLENEUF VAL ANDRE,22370,,PLENEUF VAL ANDRE,48.583591123,-2.529606692
22187,PLERIN,22190,,PLERIN,48.543995224,-2.769716199
22188,PLERNEUF,22170,,PLERNEUF,48.505787794,-2.88048429
22203,PLOEUC L HERMITAGE,22150,PLOEUC SUR LIE,PLOEUC L HERMITAGE,48.340742832,-2.795292566
22209,BEAUSSAIS SUR MER,22650,PLOUBALAY,BEAUSSAIS SUR MER,48.560466315,-2.136524705
22214,PLOUEZEC,22470,LE QUESTEL,PLOUEZEC,48.738584393,-2.979238556
22216,PLOUGONVER,22810,,PLOUGONVER,48.485023131,-3.374817472
22224,PLOULEC H,22300,LE YAUDET,PLOULEC H,48.71803918,-3.500180988
22225,PLOUMAGOAR,22970,,PLOUMAGOAR,48.530550126,-3.109403481
22226,PLOUMILLIAU,22300,,PLOUMILLIAU,48.683792046,-3.513471005
22228,PLOUNEVEZ MOEDEC,22810,,PLOUNEVEZ MOEDEC,48.551149025,-3.445164456
22229,PLOUNEVEZ QUINTIN,22110,,PLOUNEVEZ QUINTIN,48.28537131,-3.240792192
22232,PLOURHAN,22410,,PLOURHAN,48.631090986,-2.881998192
22239,PLUMAUDAN,22350,,PLUMAUDAN,48.356482801,-2.115088618
22242,PLURIEN,22240,,PLURIEN,48.609774553,-2.400184693
22243,PLUSQUELLEC,22160,,PLUSQUELLEC,48.399278508,-3.4840892
22245,PLUZUNET,22140,,PLUZUNET,48.636741845,-3.37148292
22248,POMMERIT LE VICOMTE,22200,,POMMERIT LE VICOMTE,48.61825596,-3.102894322
22251,PORDIC,22590,,PORDIC,48.567376479,-2.830210008
22251,PORDIC,22590,LA VILLE LOUAIS,PORDIC,48.567376479,-2.830210008
22256,QUEMPER GUEZENNEC,22260,,QUEMPER GUEZENNEC,48.699959286,-3.108934343
22259,QUEVERT,22100,,QUEVERT,48.463001441,-2.085788252
22262,QUINTIN,22800,,QUINTIN,48.40333741,-2.911691362
22264,LA ROCHE JAUDY,22450,POMMERIT JAUDY,LA ROCHE JAUDY,48.731681808,-3.233237382
22274,ST ANDRE DES EAUX,22630,,ST ANDRE DES EAUX,48.373142744,-2.013146235
22275,ST BARNABE,22600,,ST BARNABE,48.138231608,-2.702078881
22284,ST CONNAN,22480,,ST CONNAN,48.412455613,-3.075119081
22286,ST DENOUAL,22400,,ST DENOUAL,48.518755854,-2.383679307
22287,ST DONAN,22800,,ST DONAN,48.465810862,-2.886521009
22288,ST ETIENNE DU GUE DE L ISLE,22210,,ST ETIENNE DU GUE DE L ISLE,48.085702153,-2.643117223
22294,ST GILLES PLIGEAUX,22480,,ST GILLES PLIGEAUX,48.379694715,-3.086908606
22295,ST GILLES VIEUX MARCHE,22530,,ST GILLES VIEUX MARCHE,48.250201246,-2.969558154
22299,ST HELEN,22100,,ST HELEN,48.466004612,-1.959266327
22311,ST LORMEL,22130,,ST LORMEL,48.551527395,-2.235622513
22324,ST QUAY PERROS,22700,,ST QUAY PERROS,48.781532784,-3.449716642
22325,ST QUAY PORTRIEUX,22410,,ST QUAY PORTRIEUX,48.654096289,-2.84326682
22327,ST SAMSON SUR RANCE,22100,LA HISSE ST SAMSON,ST SAMSON SUR RANCE,48.491427043,-2.01862491
22331,STE TREPHINE,22480,,STE TREPHINE,48.265763057,-3.169670965
22337,SEVIGNAC,22250,,SEVIGNAC,48.332359693,-2.319798664
22340,TONQUEDEC,22140,,TONQUEDEC,48.6758572,-3.400382454
22342,TREBEDAN,22980,,TREBEDAN,48.40593828,-2.162915474
22343,TREBEURDEN,22560,,TREBEURDEN,48.771011102,-3.558020545
22351,TREFFRIN,22340,,TREFFRIN,48.29850839,-3.526766904
22380,TREVRON,22100,,TREVRON,48.388856965,-2.068150871
22383,TROGUERY,22450,,TROGUERY,48.759726244,-3.224558185
22003,AUCALEUC,22100,,AUCALEUC,48.451791839,-2.127617919
22004,BEGARD,22140,BOTLEZAN,BEGARD,48.634782583,-3.291535083
22005,BELLE ISLE EN TERRE,22810,,BELLE ISLE EN TERRE,48.531064511,-3.381836707
22011,BOQUEHO,22170,,BOQUEHO,48.468321251,-2.984925986
22015,BREHAND,22510,,BREHAND,48.393711255,-2.588788044
22026,CALORGUEN,22100,,CALORGUEN,48.405091903,-2.025984997
22029,CANIHUEL,22480,,CANIHUEL,48.337249841,-3.095904413
22040,COADOUT,22970,,COADOUT,48.514938411,-3.178680872
22046,LE MENE,22330,COLLINEE,LE MENE,48.282633111,-2.531186445
22046,LE MENE,22330,PLESSALA,LE MENE,48.282633111,-2.531186445
22050,DINAN,22100,LEHON,DINAN,48.446122862,-2.051305632
22057,LE FAOUET,22290,,LE FAOUET,48.67894472,-3.073897699
22059,LE FOEIL,22800,,LE FOEIL,48.417427349,-2.91498171
22061,GLOMEL,22110,,GLOMEL,48.205708613,-3.388055268
22064,GOUAREC,22570,,GOUAREC,48.235573754,-3.19559282
22072,GURUNHUEL,22390,,GURUNHUEL,48.508439203,-3.288755414
22073,LA HARMOYE,22320,,LA HARMOYE,48.346019399,-2.968783102
22075,HEMONSTOIR,22600,,HEMONSTOIR,48.157234687,-2.850013854
22093,LAMBALLE ARMOR,22400,MESLIN,LAMBALLE ARMOR,48.485734593,-2.472990332
22094,LANCIEUX,22770,,LANCIEUX,48.600845234,-2.148315939
22105,LANGUENAN,22130,,LANGUENAN,48.511472449,-2.133207954
22107,BON REPOS SUR BLAVET,22570,ST GELVEN,BON REPOS SUR BLAVET,48.223995004,-3.123600422
22109,LANLOUP,22580,,LANLOUP,48.709665867,-2.968621964
22112,LANNEBERT,22290,,LANNEBERT,48.650554383,-3.009094544
22113,LANNION,22300,,LANNION,48.743719598,-3.46130389
22117,LANTIC,22410,,LANTIC,48.60420815,-2.898801204
22119,LANVELLEC,22420,,LANVELLEC,48.606768949,-3.52790284
22129,LOC ENVEL,22810,,LOC ENVEL,48.509789897,-3.409769302
22135,LOUARGAT,22540,ST ELOI,LOUARGAT,48.561117357,-3.340901278
22136,LOUDEAC,22600,,LOUDEAC,48.17440042,-2.750533945
22140,LA MALHOURE,22640,,LA MALHOURE,48.396390224,-2.494407859
22150,LE MERZER,22200,,LE MERZER,48.581754896,-3.074995937
22155,LA MOTTE,22600,,LA MOTTE,48.231344629,-2.705128661
22156,MOUSTERU,22200,,MOUSTERU,48.528822719,-3.234921168
22161,PABU,22200,,PABU,48.582715843,-3.143189452
22163,PAULE,22340,,PAULE,48.227635809,-3.460930916
22174,PLEBOULLE,22550,,PLEBOULLE,48.594827848,-2.333589634
22175,PLEDELIAC,22270,,PLEDELIAC,48.468676854,-2.371622581
22182,PLELO,22170,,PLELO,48.554037429,-2.927614501
22187,PLERIN,22190,LES ROSAIRES,PLERIN,48.543995224,-2.769716199
22187,PLERIN,22190,ST LAURENT DE LA MER,PLERIN,48.543995224,-2.769716199
22193,PLESTAN,22640,,PLESTAN,48.414680231,-2.441318157
22195,PLEUBIAN,22610,,PLEUBIAN,48.842891237,-3.134523886
22198,PLEUMEUR BODOU,22560,,PLEUMEUR BODOU,48.785426229,-3.518763251
22198,PLEUMEUR BODOU,22560,ILE GRANDE,PLEUMEUR BODOU,48.785426229,-3.518763251
22200,PLEVEN,22130,,PLEVEN,48.491284536,-2.321190205
22202,PLEVIN,22340,,PLEVIN,48.223693027,-3.516379949
22206,CHATELAUDREN PLOUAGAT,22170,CHATELAUDREN,CHATELAUDREN PLOUAGAT,48.530385904,-2.989575344
22209,BEAUSSAIS SUR MER,22650,PLESSIX BALISSON,BEAUSSAIS SUR MER,48.560466315,-2.136524705
22211,PLOUBEZRE,22300,,PLOUBEZRE,48.685542393,-3.448411567
22213,PLOUER SUR RANCE,22490,,PLOUER SUR RANCE,48.525076621,-2.006473125
22214,PLOUEZEC,22470,,PLOUEZEC,48.738584393,-2.979238556
22217,PLOUGRAS,22780,,PLOUGRAS,48.496584203,-3.564564426
22222,PLOUHA,22580,KEREGAL,PLOUHA,48.682031087,-2.931519031
22235,PLOUZELAMBRE,22420,,PLOUZELAMBRE,48.647968105,-3.536868904
22237,PLUDUNO,22130,,PLUDUNO,48.523804319,-2.280574254
22241,PLUMIEUX,22210,,PLUMIEUX,48.106145862,-2.591222727
22246,POMMERET,22120,,POMMERET,48.458489726,-2.622224727
22250,PONTRIEUX,22260,,PONTRIEUX,48.699798194,-3.15915353
22258,QUESSOY,22120,L HOPITAL,QUESSOY,48.426865219,-2.656445334
22260,LE QUILLIO,22460,,LE QUILLIO,48.240376846,-2.897916144
22272,ST AGATHON,22200,,ST AGATHON,48.563040721,-3.100814066
22280,ST CARNE,22100,,ST CARNE,48.419213025,-2.055108626
22282,ST CAST LE GUILDO,22380,,ST CAST LE GUILDO,48.60362037,-2.248600685
22296,ST GLEN,22510,,ST GLEN,48.353177521,-2.521276583
22306,ST JUDOCE,22630,,ST JUDOCE,48.362761989,-1.954058288
22307,ST JULIEN,22940,,ST JULIEN,48.447523116,-2.817899305
22316,ST MAYEUX,22320,,ST MAYEUX,48.264036049,-3.015630501
22326,ST RIEUL,22270,,ST RIEUL,48.442755413,-2.420466653
22347,TREDARZEC,22220,,TREDARZEC,48.791135946,-3.201092476
22349,TREDREZ LOCQUEMEAU,22300,LOCQUEMEAU,TREDREZ LOCQUEMEAU,48.70786489,-3.563569387
22350,TREDUDER,22310,,TREDUDER,48.654793702,-3.566579335
22356,TREGOMEUR,22590,,TREGOMEUR,48.567347972,-2.883370675
22359,TREGROM,22420,,TREGROM,48.594852208,-3.402678522
22360,TREGUEUX,22950,,TREGUEUX,48.480324646,-2.745100895
22369,TREMEUR,22250,,TREMEUR,48.350654175,-2.268543337
22371,TREMOREL,22230,,TREMOREL,48.19134536,-2.302331058
22372,TREMUSON,22440,,TREMUSON,48.524530239,-2.848563502
22390,YVIAS,22930,,YVIAS,48.714638904,-3.046277646
22391,YVIGNAC LA TOUR,22350,,YVIGNAC LA TOUR,48.349073,-2.170540712
22004,BEGARD,22140,,BEGARD,48.634782583,-3.291535083
22004,BEGARD,22140,GUENEZAN,BEGARD,48.634782583,-3.291535083
22024,CALANHEL,22160,,CALANHEL,48.440621575,-3.475563201
22028,CAMLEZ,22450,,CAMLEZ,48.783206246,-3.315401686
22042,COATREVEN,22450,,COATREVEN,48.763417042,-3.32597473
22043,COETLOGON,22210,,COETLOGON,48.132373543,-2.543199062
22045,COHINIAC,22800,,COHINIAC,48.451473972,-2.946720821
22046,LE MENE,22330,ST GILLES DU MENE,LE MENE,48.282633111,-2.531186445
22056,EVRAN,22630,,EVRAN,48.384911528,-1.980060647
22060,GAUSSON,22150,,GAUSSON,48.293055662,-2.76120763
22065,GOUDELIN,22290,,GOUDELIN,48.603446979,-3.022823933
22069,GUENROC,22350,,GUENROC,48.313634373,-2.080696693
22071,GUITTE,22350,,GUITTE,48.290858999,-2.102009002
22077,HENANSAL,22400,,HENANSAL,48.537926258,-2.447839535
22084,JUGON LES LACS COMMUNE NOUVELLE,22270,JUGON LES LACS,JUGON LES LACS COMMUNE NOUVELLE,48.406110996,-2.326902147
22088,KERIEN,22480,,KERIEN,48.409393401,-3.230681705
22092,KERPERT,22480,,KERPERT,48.389912955,-3.136411171
22093,LAMBALLE ARMOR,22400,LA COTENTIN PLANGUENOUAL,LAMBALLE ARMOR,48.485734593,-2.472990332
22093,LAMBALLE ARMOR,22400,LA POTERIE,LAMBALLE ARMOR,48.485734593,-2.472990332
22093,LAMBALLE ARMOR,22400,MAROUE,LAMBALLE ARMOR,48.485734593,-2.472990332
22096,LANDEBIA,22130,,LANDEBIA,48.515181456,-2.337313612
22099,LANFAINS,22800,,LANFAINS,48.36537327,-2.911495111
22103,LANGROLAY SUR RANCE,22490,,LANGROLAY SUR RANCE,48.553083641,-2.014425393
22107,BON REPOS SUR BLAVET,22570,LANISCAT,BON REPOS SUR BLAVET,48.223995004,-3.123600422
22111,LANMODEZ,22610,,LANMODEZ,48.845465393,-3.096558927
22113,LANNION,22300,BEG LEGUER SERVEL,LANNION,48.743719598,-3.46130389
22118,LANVALLAY,22100,,LANVALLAY,48.451576812,-2.011490444
22122,LAURENAN,22230,,LAURENAN,48.215039749,-2.519094852
22133,LOSCOUET SUR MEU,22230,,LOSCOUET SUR MEU,48.175754545,-2.25109994
22137,MAEL CARHAIX,22340,,MAEL CARHAIX,48.288071267,-3.410397882
22148,MERILLAC,22230,,MERILLAC,48.24993278,-2.391017737
22158,GUERLEDAN,22530,MUR DE BRETAGNE,GUERLEDAN,48.201483257,-2.957966114
22162,PAIMPOL,22500,,PAIMPOL,48.773414138,-3.054779415
22166,PENVENAN,22710,,PENVENAN,48.816972706,-3.301924259
22166,PENVENAN,22710,BUGUELES,PENVENAN,48.816972706,-3.301924259
22170,PLAINE HAUTE,22800,,PLAINE HAUTE,48.443303854,-2.859140189
22172,PLANCOET,22130,,PLANCOET,48.514601641,-2.21932543
22179,FREHEL,22240,LA CARQUOIS,FREHEL,48.634581636,-2.361916102
22185,PLENEE JUGON,22640,,PLENEE JUGON,48.355685105,-2.415212201
22189,PLESIDY,22720,,PLESIDY,48.441570694,-3.126099759
22194,PLESTIN LES GREVES,22310,,PLESTIN LES GREVES,48.647713454,-3.620177657
22198,PLEUMEUR BODOU,22560,LANDRELLEC,PLEUMEUR BODOU,48.785426229,-3.518763251
22199,PLEUMEUR GAUTIER,22740,,PLEUMEUR GAUTIER,48.80046846,-3.151543243
22206,CHATELAUDREN PLOUAGAT,22170,PLOUAGAT,CHATELAUDREN PLOUAGAT,48.530385904,-2.989575344
22207,PLOUARET,22420,,PLOUARET,48.619491788,-3.483272817
22212,PLOUEC DU TRIEUX,22260,,PLOUEC DU TRIEUX,48.672183038,-3.187594155
22218,PLOUGRESCANT,22820,,PLOUGRESCANT,48.84000535,-3.239697939
22219,PLOUGUENAST LANGAST,22150,PLOUGUENAST,PLOUGUENAST LANGAST,48.279779756,-2.690027031
22227,PLOUNERIN,22780,,PLOUNERIN,48.566496872,-3.548705022
22231,PLOURAC H,22160,,PLOURAC H,48.418504423,-3.551745494
22240,PLUMAUGAT,22250,,PLUMAUGAT,48.245436221,-2.230869481
22255,LA PRENESSAYE,22210,,LA PRENESSAYE,48.185932802,-2.647777687
22264,LA ROCHE JAUDY,22450,HENGOAT,LA ROCHE JAUDY,48.731681808,-3.233237382
22264,LA ROCHE JAUDY,22450,LA ROCHE DERRIEN,LA ROCHE JAUDY,48.731681808,-3.233237382
22264,LA ROCHE JAUDY,22450,POULDOURAN,LA ROCHE JAUDY,48.731681808,-3.233237382
22266,ROSTRENEN,22110,,ROSTRENEN,48.22135025,-3.311657917
22268,RUCA,22550,,RUCA,48.561815439,-2.335244671
22276,ST BIHY,22800,,ST BIHY,48.375421403,-2.967114296
22277,ST BRANDAN,22800,,ST BRANDAN,48.389900815,-2.86298438
22279,ST CARADEC,22600,,ST CARADEC,48.191890426,-2.867529495
22291,ST GILDAS,22800,,ST GILDAS,48.422520774,-3.006479202
22302,ST JACUT DE LA MER,22750,,ST JACUT DE LA MER,48.591597419,-2.187270552
22304,ST JEAN KERDANIEL,22170,,ST JEAN KERDANIEL,48.55256884,-3.03449897
22305,ST JOUAN DE L ISLE,22350,,ST JOUAN DE L ISLE,48.266376098,-2.178676718
22308,ST JUVAT,22630,,ST JUVAT,48.361860772,-2.054404661
22309,ST LAUNEUC,22230,,ST LAUNEUC,48.232054792,-2.354098926
22313,ST MARTIN DES PRES,22320,,ST MARTIN DES PRES,48.305324307,-2.964676113
22314,ST MAUDAN,22600,,ST MAUDAN,48.111270043,-2.768196772
22318,ST MICHEL DE PLELAN,22980,,ST MICHEL DE PLELAN,48.462517893,-2.221916561
22321,ST NICOLAS DU PELEM,22480,,ST NICOLAS DU PELEM,48.322747291,-3.164354256
22328,ST SERVAIS,22160,,ST SERVAIS,48.386616103,-3.374269469
22332,ST TRIMOEL,22510,,ST TRIMOEL,48.393649561,-2.541287701
22338,SQUIFFIEC,22200,,SQUIFFIEC,48.637395641,-3.166728557
22339,TADEN,22100,,TADEN,48.487864247,-2.054221532
22344,TREBRIVAN,22340,,TREBRIVAN,48.31013059,-3.480978972
22345,TREBRY,22510,,TREBRY,48.345686971,-2.557665973
22349,TREDREZ LOCQUEMEAU,22300,,TREDREZ LOCQUEMEAU,48.70786489,-3.563569387
22354,TREGLAMUS,22540,,TREGLAMUS,48.556965337,-3.254627352
22358,TREGONNEAU,22200,,TREGONNEAU,48.613932658,-3.163215346
22360,TREGUEUX,22950,CREAC H TREGUEUX,TREGUEUX,48.480324646,-2.745100895
22361,TREGUIDEL,22290,,TREGUIDEL,48.600294517,-2.942781682
22370,TREMEVEN,22290,,TREMEVEN,48.671359237,-3.032182909
22375,TRESSIGNAUX,22290,,TRESSIGNAUX,48.610435981,-2.975254412
22376,TREVE,22600,,TREVE,48.2162507,-2.807521994
22377,TREVENEUC,22410,,TREVENEUC,48.659853811,-2.873919052
22384,UZEL,22460,,UZEL PRES L OUST,48.280960499,-2.847817638
22387,LE VIEUX MARCHE,22420,,LE VIEUX MARCHE,48.613571316,-3.438163224
22005,BELLE ISLE EN TERRE,22810,LOCMARIA,BELLE ISLE EN TERRE,48.531064511,-3.381836707
22008,BOBITAL,22100,,BOBITAL,48.414616381,-2.097435549
22009,LE BODEO,22320,,LE BODEO,48.326240143,-2.921354841
22013,BOURBRIAC,22390,,BOURBRIAC,48.466140899,-3.199849798
22018,BRELIDY,22140,,BRELIDY,48.64928975,-3.227795453
22019,BRINGOLO,22170,,BRINGOLO,48.577161164,-3.006333617
22030,CAOUENNEC LANVEZEAC,22300,,CAOUENNEC LANVEZEAC,48.705893906,-3.367553771
22030,CAOUENNEC LANVEZEAC,22300,LANVEZEAC,CAOUENNEC LANVEZEAC,48.705893906,-3.367553771
22035,LES CHAMPS GERAUX,22630,,LES CHAMPS GERAUX,48.426009281,-1.977655255
22036,LA CHAPELLE BLANCHE,22350,,LA CHAPELLE BLANCHE,48.268305714,-2.128438871
22046,LE MENE,22330,LANGOURLA,LE MENE,48.282633111,-2.531186445
22053,EREAC,22250,,EREAC,48.274286886,-2.343934976
22054,ERQUY,22430,,ERQUY,48.619417039,-2.458382714
22055,BINIC ETABLES SUR MER,22680,ETABLES SUR MER,BINIC ETABLES SUR MER,48.616851128,-2.837862888
22074,LE HAUT CORLAY,22320,,LE HAUT CORLAY,48.340493232,-3.03212617
22079,HENON,22150,,HENON,48.386748792,-2.683779789
22081,HILLION,22120,,HILLION,48.50299934,-2.646209136
22082,LE HINGLE,22100,,LE HINGLE,48.397989941,-2.082844139
22084,JUGON LES LACS COMMUNE NOUVELLE,22270,LESCOUET JUGON,JUGON LES LACS COMMUNE NOUVELLE,48.406110996,-2.326902147
22085,KERBORS,22610,,KERBORS,48.823601194,-3.1817615
22101,LANGOAT,22450,,LANGOAT,48.734972054,-3.297972166
22106,LANGUEUX,22360,LES GREVES LANGUEUX,LANGUEUX,48.5000312,-2.709716021
22114,LANRELAS,22250,,LANRELAS,48.246159706,-2.295194597
22118,LANVALLAY,22100,TRESSAINT,LANVALLAY,48.451576812,-2.011490444
22124,LESCOUET GOUAREC,22570,,LESCOUET GOUAREC,48.169287241,-3.206383116
22127,LEZARDRIEUX,22740,,LEZARDRIEUX,48.803433025,-3.109066355
22127,LEZARDRIEUX,22740,KERMOUSTER,LEZARDRIEUX,48.803433025,-3.109066355
22128,LOCARN,22340,,LOCARN,48.332425147,-3.409971201
22131,LOGUIVY PLOUGRAS,22780,,LOGUIVY PLOUGRAS,48.510493753,-3.491728034
22132,LOHUEC,22160,,LOHUEC,48.462189358,-3.526941475
22138,MAEL PESTIVIEN,22160,,MAEL PESTIVIEN,48.403766536,-3.290294541
22146,MELLIONNEC,22110,,MELLIONNEC,48.168474344,-3.290144822
22149,MERLEAC,22460,,MERLEAC,48.272646106,-2.911188349
22158,GUERLEDAN,22530,ST GUEN,GUERLEDAN,48.201483257,-2.957966114
22164,PEDERNEC,22540,,PEDERNEC,48.588026489,-3.277099925
22168,PERROS GUIREC,22700,LA CLARTE,PERROS GUIREC,48.812104419,-3.466956832
22171,PLAINTEL,22940,,PLAINTEL,48.410267274,-2.810348049
22176,PLEDRAN,22960,,PLEDRAN,48.443222941,-2.745103235
22182,PLELO,22170,ST JEAN PLELO,PLELO,48.554037429,-2.927614501
22190,PLESLIN TRIGAVOU,22490,,PLESLIN TRIGAVOU,48.527547035,-2.071277209
22190,PLESLIN TRIGAVOU,22490,TRIGAVOU,PLESLIN TRIGAVOU,48.527547035,-2.071277209
22196,PLEUDANIEL,22740,,PLEUDANIEL,48.761963472,-3.154469571
22203,PLOEUC L HERMITAGE,22150,L HERMITAGE LORGE,PLOEUC L HERMITAGE,48.340742832,-2.795292566
22204,PLOEZAL,22260,,PLOEZAL,48.716832645,-3.180858529
22208,PLOUASNE,22830,,PLOUASNE,48.311805596,-2.007927734
22209,BEAUSSAIS SUR MER,22650,TREGON,BEAUSSAIS SUR MER,48.560466315,-2.136524705
22210,PLOUBAZLANEC,22620,,PLOUBAZLANEC,48.805320954,-3.04473119
22210,PLOUBAZLANEC,22620,LOGUIVY DE LA MER,PLOUBAZLANEC,48.805320954,-3.04473119
22219,PLOUGUENAST LANGAST,22150,LANGAST,PLOUGUENAST LANGAST,48.279779756,-2.690027031
22220,PLOUGUERNEVEL,22110,,PLOUGUERNEVEL,48.234168387,-3.24730828
22222,PLOUHA,22580,,PLOUHA,48.682031087,-2.931519031
22223,PLOUISY,22200,,PLOUISY,48.583991478,-3.191243271
22224,PLOULEC H,22300,,PLOULEC H,48.71803918,-3.500180988
22233,PLOURIVO,22860,,PLOURIVO,48.741509933,-3.091598736
22234,PLOUVARA,22170,,PLOUVARA,48.497149085,-2.925239702
22238,PLUFUR,22310,,PLUFUR,48.610933451,-3.572433927
22244,PLUSSULIEN,22320,,PLUSSULIEN,48.278224784,-3.065549062
22251,PORDIC,22590,TREMELOIR,PORDIC,48.567376479,-2.830210008
22254,PRAT,22140,,PRAT,48.682032486,-3.298021229
22258,QUESSOY,22120,,QUESSOY,48.426865219,-2.656445334
22259,QUEVERT,22100,L AUBLETTE QUEVERT,QUEVERT,48.463001441,-2.085788252
22261,QUINTENIC,22400,,QUINTENIC,48.510245829,-2.42140181
22263,LE QUIOU,22630,,LE QUIOU,48.345721771,-1.997145194
22266,ROSTRENEN,22110,BONEN,ROSTRENEN,48.22135025,-3.311657917
22267,ROUILLAC,22250,,ROUILLAC,48.306583785,-2.369103265
22269,RUNAN,22260,,RUNAN,48.686788237,-3.227091755
22278,ST BRIEUC,22000,,ST BRIEUC,48.514851378,-2.763309782
22285,ST CONNEC,22530,,ST CONNEC,48.18018553,-2.925741646
22300,ST HERVE,22460,,ST HERVE,48.274153231,-2.812255966
22310,ST LAURENT,22140,,ST LAURENT,48.615843029,-3.242977938
22312,ST MADEN,22350,,ST MADEN,48.337612863,-2.068751658
22315,ST MAUDEZ,22980,,ST MAUDEZ,48.454479579,-2.182541955
22320,ST NICODEME,22160,,ST NICODEME,48.354078023,-3.339845092
22322,ST PEVER,22720,,ST PEVER,48.482530838,-3.090727046
22323,ST POTAN,22550,,ST POTAN,48.557421713,-2.293195035
22325,ST QUAY PORTRIEUX,22410,KERTUGAL,ST QUAY PORTRIEUX,48.654096289,-2.84326682
22330,ST THELO,22460,,ST THELO,48.246378672,-2.840953157
22335,SENVEN LEHART,22720,,SENVEN LEHART,48.435248163,-3.065250536
22341,TRAMAIN,22640,,TRAMAIN,48.399918388,-2.389069547
22348,TREDIAS,22250,,TREDIAS,48.365029092,-2.22318559
22362,TREGUIER,22220,,TREGUIER,48.784328349,-3.23236607
22364,TRELIVAN,22100,,TRELIVAN,48.430507521,-2.106615694
22368,TREMEREUC,22490,,TREMEREUC,48.560306748,-2.063742233
22373,TREOGAN,22340,,TREOGAN,48.186935466,-3.529372716
22386,LE VIEUX BOURG,22800,,LE VIEUX BOURG,48.390679498,-3.003639078
35007,AUBIGNE,35250,,AUBIGNE,48.298830254,-1.630951186
35023,BEDEE,35137,,BEDEE,48.18675058,-1.950020714
35028,BOISTRUDAN,35150,,BOISTRUDAN,47.975500716,-1.397422293
35031,LA BOUEXIERE,35340,,LA BOUEXIERE,48.174546254,-1.437026892
35035,BOVEL,35330,,BOVEL,47.956771612,-1.959768254
35042,BRIELLES,35370,,BRIELLES,48.011590508,-1.098540288
35049,CANCALE,35260,,CANCALE,48.683242622,-1.865333553
35054,CHANTELOUP,35150,,CHANTELOUP,47.954056451,-1.624807759
35069,CHATEAUGIRON,35410,OSSE,CHATEAUGIRON,48.048968229,-1.474638706
35079,CHEVAIGNE,35250,,CHEVAIGNE,48.224446064,-1.636306894
35088,CORPS NUDS,35150,,CORPS NUDS,47.982426456,-1.570161011
35090,CREVIN,35320,,CREVIN,47.930330451,-1.656788878
35096,DOMAGNE,35113,,DOMAGNE,48.067437398,-1.406221822
35102,DROUGES,35130,,DROUGES,47.902172396,-1.260200779
35104,EPINIAC,35120,,EPINIAC,48.499724537,-1.703047179
35105,ERBREE,35500,,ERBREE,48.109336415,-1.116868389
35108,ESSE,35150,,ESSE,47.947944684,-1.430520112
35116,LA FRESNAIS,35111,,LA FRESNAIS,48.587687476,-1.835208959
35123,GOVEN,35580,,GOVEN,48.009791318,-1.839069242
35126,GUICHEN,35580,PONT REAN,GUICHEN,47.965347345,-1.790206811
35127,GUIGNEN,35580,,GUIGNEN,47.923420363,-1.861984663
35131,L HERMITAGE,35590,,L HERMITAGE,48.1221055,-1.816343302
35139,LAILLE,35890,,LAILLE,47.967022301,-1.713936819
35144,LANGAN,35850,,LANGAN,48.236015015,-1.84518875
35151,LIEURON,35550,,LIEURON,47.851918694,-1.929676391
35163,LUITRE DOMPIERRE,35133,LUITRE,LUITRE DOMPIERRE,48.286812702,-1.134053358
35173,MELESSE,35520,,MELESSE,48.219361883,-1.68958172
35184,MONTAUBAN DE BRETAGNE,35360,,MONTAUBAN DE BRETAGNE,48.204274062,-2.065450873
35201,MUEL,35290,,MUEL,48.120061317,-2.162483977
35208,ORGERES,35230,,ORGERES,47.985215896,-1.665760588
35212,PANCE,35320,,PANCE,47.888672375,-1.642834545
35215,PARIGNE,35133,,PARIGNE,48.425640614,-1.197695447
35217,LE PERTRE,35370,,LE PERTRE,48.034612373,-1.056081331
35218,LE PETIT FOUGERAY,35320,,LE PETIT FOUGERAY,47.927969263,-1.616225014
35219,PIPRIAC,35550,,PIPRIAC,47.811361881,-1.937297429
35220,PIRE CHANCE,35150,PIRE SUR SEICHE,PIRE CHANCE,48.013516794,-1.421499868
35220,PIRE CHANCE,35680,CHANCE,PIRE CHANCE,48.013516794,-1.421499868
35224,PLERGUER,35540,,PLERGUER,48.528689836,-1.846075142
35229,POCE LES BOIS,35500,,POCE LES BOIS,48.115040393,-1.259135752
35240,LE RHEU,35650,MOIGNE,LE RHEU,48.097273889,-1.781007436
35251,ST AUBIN D AUBIGNE,35250,,ST AUBIN D AUBIGNE,48.261935057,-1.600351602
35252,ST AUBIN DES LANDES,35500,,ST AUBIN DES LANDES,48.100366604,-1.291507241
35253,ST AUBIN DU CORMIER,35140,,ST AUBIN DU CORMIER,48.258346134,-1.420952369
35258,ST BRIEUC DES IFFS,35630,,ST BRIEUC DES IFFS,48.303795006,-1.84330011
35262,STE COLOMBE,35134,,STE COLOMBE,47.895370125,-1.457512661
35273,ST GERMAIN EN COGLES,35133,,ST GERMAIN EN COGLES,48.397527708,-1.264843898
35283,ST JEAN SUR VILAINE,35220,,ST JEAN SUR VILAINE,48.121188134,-1.339791394
35287,ST LUNAIRE,35800,,ST LUNAIRE,48.620039988,-2.096788107
35300,ST M HERVE,35500,,ST M HERVE,48.172504186,-1.111556071
35307,ST PERN,35190,,ST PERN,48.281246623,-1.983124129
35308,MESNIL ROC H,35720,LANHELIN,MESNIL ROC H,48.45801406,-1.8778414
35324,LA SELLE EN LUITRE,35133,,LA SELLE EN LUITRE,48.320559708,-1.150905597
35334,THORIGNE FOUILLARD,35235,,THORIGNE FOUILLARD,48.156614494,-1.584439279
35336,LE TIERCENT,35460,,LE TIERCENT,48.350022963,-1.423469176
35340,TREFFENDEL,35380,,TREFFENDEL,48.031645854,-2.008692214
35342,TREMEHEUC,35270,,TREMEHEUC,48.438558826,-1.697374151
35347,VAL D IZE,35450,,VAL D IZE,48.189822063,-1.305068773
35351,LE VERGER,35160,,LE VERGER,48.06581629,-1.936318065
35352,VERN SUR SEICHE,35770,,VERN SUR SEICHE,48.052832822,-1.605159583
35359,VISSEICHE,35130,,VISSEICHE,47.96029489,-1.298477406
35004,VAL COUESNON,35460,ST OUEN LA ROUERIE,VAL COUESNON,48.440079368,-1.46268206
35004,VAL COUESNON,35460,TREMBLAY,VAL COUESNON,48.440079368,-1.46268206
35005,ARBRISSEL,35130,,ARBRISSEL,47.927055054,-1.294968902
35008,AVAILLES SUR SEICHE,35130,,AVAILLES SUR SEICHE,47.95811218,-1.185595694
35009,BAGUER MORVAN,35120,,BAGUER MORVAN,48.504865519,-1.771688804
35012,BAIN DE BRETAGNE,35470,,BAIN DE BRETAGNE,47.830230111,-1.676337044
35026,BLERUAIS,35750,,BLERUAIS,48.115852624,-2.115549866
35040,BRETEIL,35160,,BRETEIL,48.13824013,-1.910452531
35041,BRIE,35150,,BRIE,47.951364395,-1.550563938
35047,BRUZ,35170,,BRUZ,48.025911899,-1.748505182
35050,CARDROC,35190,,CARDROC,48.284705384,-1.893575864
35062,LA CHAPELLE JANSON,35133,,LA CHAPELLE JANSON,48.335544395,-1.085407775
35064,LA CHAPELLE DE BRAIN,35660,BRAIN SUR VILAINE,LA CHAPELLE DE BRAIN,47.697573578,-1.93488095
35069,CHATEAUGIRON,35410,ST AUBIN DU PAVAIL,CHATEAUGIRON,48.048968229,-1.474638706
35070,CHATEAUNEUF D ILLE ET VILAINE,35430,,CHATEAUNEUF D ILLE ET VILAINE,48.558025261,-1.928494794
35081,CLAYES,35590,,CLAYES,48.179059235,-1.853756753
35094,DINGE,35440,,DINGE,48.346978143,-1.710256954
35095,DOL DE BRETAGNE,35120,,DOL DE BRETAGNE,48.53657567,-1.742081591
35096,DOMAGNE,35113,CHAUMERE,DOMAGNE,48.067437398,-1.406221822
35098,LA DOMINELAIS,35390,,LA DOMINELAIS,47.763436252,-1.673542957
35111,LE FERRE,35420,,LE FERRE,48.486612438,-1.294215701
35115,FOUGERES,35300,,FOUGERES,48.352771263,-1.194408883
35118,GAHARD,35490,,GAHARD,48.288216965,-1.527197455
35134,LES IFFS,35630,,LES IFFS,48.294147859,-1.866345129
35135,IRODOUER,35850,,IRODOUER,48.246246433,-1.950393748
35137,JAVENE,35133,,JAVENE,48.317090679,-1.205977158
35141,LANDAVRAN,35450,,LANDAVRAN,48.161005236,-1.284832918
35142,LANDEAN,35133,,LANDEAN,48.413114562,-1.147801862
35143,LANDUJAN,35360,,LANDUJAN,48.247669444,-2.008431452
35153,LILLEMER,35111,,LILLEMER,48.570817632,-1.854967085
35159,LOURMAIS,35270,,LOURMAIS,48.441496683,-1.732732675
35161,LOUVIGNE DE BAIS,35680,,LOUVIGNE DE BAIS,48.052348459,-1.338702593
35165,MARCILLE ROBERT,35240,,MARCILLE ROBERT,47.958577597,-1.353755924
35166,MARPIRE,35220,,MARPIRE,48.147043256,-1.3525635
35172,MEILLAC,35270,,MEILLAC,48.420491151,-1.822575993
35179,MINIAC MORVAN,35540,,MINIAC MORVAN,48.52473183,-1.895125004
35179,MINIAC MORVAN,35540,VIEUX BOURG,MINIAC MORVAN,48.52473183,-1.895125004
35180,MINIAC SOUS BECHEREL,35190,,MINIAC SOUS BECHEREL,48.281019759,-1.926872339
35181,LE MINIHIC SUR RANCE,35870,,LE MINIHIC SUR RANCE,48.57590288,-2.013128654
35183,MONDEVERT,35370,,MONDEVERT,48.084506649,-1.090383618
35191,LES PORTES DU COGLAIS,35460,COGLES,LES PORTES DU COGLAIS,48.449190246,-1.335649608
35191,LES PORTES DU COGLAIS,35460,LA SELLE EN COGLES,LES PORTES DU COGLAIS,48.449190246,-1.335649608
35194,MONTREUIL SOUS PEROUSE,35500,,MONTREUIL SOUS PEROUSE,48.151152213,-1.242587848
35197,MOUAZE,35250,,MOUAZE,48.218232385,-1.607565691
35199,MOUSSE,35130,,MOUSSE,47.917523189,-1.279407326
35211,PAIMPONT,35380,,PAIMPONT,48.030311573,-2.173201511
35231,POLIGNE,35320,,POLIGNE,47.898984529,-1.686079119
35238,RENNES,35000,,RENNES,48.111680407,-1.681868718
35238,RENNES,35200,,RENNES,48.111680407,-1.681868718
35242,RIMOU,35560,,RIMOU,48.387738972,-1.528373966
35244,ROMAZY,35490,,ROMAZY,48.380548984,-1.493199309
35246,ROZ LANDRIEUX,35120,,ROZ LANDRIEUX,48.54581768,-1.817518809
35248,SAINS,35610,,SAINS,48.555987628,-1.603981171
35259,ST BROLADRE,35120,,ST BROLADRE,48.580120857,-1.661164406
35261,ST CHRISTOPHE DE VALAINS,35140,,ST CHRISTOPHE DE VALAINS,48.341370822,-1.45143647
35266,ST ERBLON,35230,,ST ERBLON,48.018912087,-1.64259933
35271,ST GEORGES DE REINTEMBAULT,35420,,ST GEORGES DE REINTEMBAULT,48.512984563,-1.235179946
35284,ST JOUAN DES GUERETS,35430,,ST JOUAN DES GUERETS,48.603981667,-1.965289672
35288,ST MALO,35400,CHATEAU MALO,ST MALO,48.640048719,-1.980865007
35292,ST MARC LE BLANC,35460,,ST MARC LE BLANC,48.373397199,-1.397723784
35295,ST MAUGAN,35750,,ST MAUGAN,48.136724076,-2.102191241
35299,ST MELOIR DES ONDES,35350,,ST MELOIR DES ONDES,48.638657152,-1.905853545
35302,ST ONEN LA CHAPELLE,35290,,ST ONEN LA CHAPELLE,48.169476446,-2.15567786
35311,ST SEGLIN,35330,,ST SEGLIN,47.851770916,-2.026009171
35314,ST SULIAC,35430,,ST SULIAC,48.570531765,-1.967277437
35319,ST THURIAL,35310,,ST THURIAL,48.033491506,-1.940538722
35329,SOUGEAL,35610,,SOUGEAL,48.502288489,-1.515062705
35331,TALENSAC,35160,,TALENSAC,48.091170747,-1.926136806
35333,LE THEIL DE BRETAGNE,35240,,LE THEIL DE BRETAGNE,47.917872147,-1.421841216
35337,TINTENIAC,35190,,TINTENIAC,48.323509405,-1.829943528
35343,TRESBOEUF,35320,,TRESBOEUF,47.88050423,-1.553518646
35358,LA VILLE ES NONAIS,35430,,LA VILLE ES NONAIS,48.549161799,-1.952303676
35360,VITRE,35500,,VITRE,48.114112003,-1.193482325
35002,AMANLIS,35150,,AMANLIS,47.999806826,-1.496122011
35004,VAL COUESNON,35560,LA FONTENELLE,VAL COUESNON,48.440079368,-1.46268206
35013,BAINS SUR OUST,35600,,BAINS SUR OUST,47.712200336,-2.075624016
35014,BAIS,35680,,BAIS,48.011079769,-1.305387481
35015,BALAZE,35500,,BALAZE,48.177906445,-1.183241566
35018,LA BAZOUGE DU DESERT,35420,,LA BAZOUGE DU DESERT,48.44396455,-1.109672763
35024,BETTON,35830,,BETTON,48.181255767,-1.646455875
35027,BOISGERVILLY,35360,,BOISGERVILLY,48.166812207,-2.083578171
35029,BONNEMAIN,35270,,BONNEMAIN,48.471175498,-1.761334343
35030,LA BOSSE DE BRETAGNE,35320,,LA BOSSE DE BRETAGNE,47.868166289,-1.588805281
35032,BOURGBARRE,35230,,BOURGBARRE,47.988624621,-1.622400821
35038,BREAL SOUS VITRE,35370,,BREAL SOUS VITRE,48.092529231,-1.060770881
35039,BRECE,35530,,BRECE,48.110479219,-1.489810166
35046,LES BRULAIS,35330,,LES BRULAIS,47.890718924,-2.056038453
35052,CHAMPEAUX,35500,,CHAMPEAUX,48.13885915,-1.300822699
35057,LA CHAPELLE BOUEXIC,35330,,LA CHAPELLE BOUEXIC,47.937092981,-1.923024639
35060,LA CHAPELLE DU LOU DU LAC,35360,LA CHAPELLE DU LOU,LA CHAPELLE DU LOU DU LAC,48.21578004,-1.993519164
35064,LA CHAPELLE DE BRAIN,35660,,LA CHAPELLE DE BRAIN,47.697573578,-1.93488095
35065,LA CHAPELLE THOUARAULT,35590,,LA CHAPELLE THOUARAULT,48.125188415,-1.858215357
35067,CHASNE SUR ILLET,35250,,CHASNE SUR ILLET,48.23539,-1.571415519
35068,CHATEAUBOURG,35220,BROONS SUR VILAINE,CHATEAUBOURG,48.119808108,-1.40403902
35068,CHATEAUBOURG,35220,ST MELAINE,CHATEAUBOURG,48.119808108,-1.40403902
35071,LE CHATELLIER,35133,,LE CHATELLIER,48.425897,-1.245714576
35080,CINTRE,35310,,CINTRE,48.10859218,-1.885947268
35082,COESMES,35134,,COESMES,47.872210783,-1.416270817
35085,COMBOURG,35270,,COMBOURG,48.408754722,-1.745342966
35087,CORNILLE,35500,,CORNILLE,48.082325504,-1.31384462
35089,LA COUYERE,35320,,LA COUYERE,47.894155579,-1.501743431
35103,EANCE,35640,,EANCE,47.82372125,-1.251937613
35109,ETRELLES,35370,,ETRELLES,48.069743539,-1.215970424
35110,FEINS,35440,,FEINS,48.328169248,-1.625908541
35120,GEVEZE,35850,,GEVEZE,48.213318833,-1.799006208
35121,GOSNE,35140,,GOSNE,48.250380555,-1.458664152
35122,LA GOUESNIERE,35350,,LA GOUESNIERE,48.603006761,-1.887280109
35128,GUIPEL,35440,,GUIPEL,48.292447195,-1.723623456
35130,HEDE BAZOUGES,35630,,HEDE BAZOUGES,48.302176978,-1.777738898
35130,HEDE BAZOUGES,35630,BAZOUGES SOUS HEDE,HEDE BAZOUGES,48.302176978,-1.777738898
35133,IFFENDIC,35750,,IFFENDIC,48.113977658,-2.024155892
35154,LIVRE SUR CHANGEON,35450,,LIVRE SUR CHANGEON,48.227214855,-1.34848339
35164,MARCILLE RAOUL,35560,,MARCILLE RAOUL,48.374837067,-1.61377678
35168,VAL D ANAST,35330,CAMPEL,VAL D ANAST,47.900118581,-2.0223224
35170,MECE,35450,,MECE,48.241175109,-1.286500505
35174,MELLE,35420,,MELLE,48.484389875,-1.191082025
35176,GUIPRY MESSAC,35480,GUIPRY,GUIPRY MESSAC,47.821564405,-1.830472392
35176,GUIPRY MESSAC,35480,MESSAC,GUIPRY MESSAC,47.821564405,-1.830472392
35177,LA MEZIERE,35520,,LA MEZIERE,48.212650776,-1.750678342
35184,MONTAUBAN DE BRETAGNE,35360,ST M HERVON,MONTAUBAN DE BRETAGNE,48.204274062,-2.065450873
35186,MONT DOL,35120,,MONT DOL,48.57083808,-1.758182893
35187,MONTERFIL,35160,,MONTERFIL,48.060057611,-1.990377151
35189,MONTGERMONT,35760,,MONTGERMONT,48.154003362,-1.717025903
35192,MONTREUIL DES LANDES,35210,,MONTREUIL DES LANDES,48.250872523,-1.227911983
35193,MONTREUIL LE GAST,35520,,MONTREUIL LE GAST,48.243954182,-1.720396071
35196,MORDELLES,35310,,MORDELLES,48.085914654,-1.842661283
35198,MOULINS,35680,,MOULINS,48.008781973,-1.362902107
35204,NOUVOITOU,35410,,NOUVOITOU,48.030580726,-1.552345417
35210,PACE,35740,,PACE,48.152674506,-1.777329248
35214,PARCE,35210,,PARCE,48.271005707,-1.19468484
35221,PLECHATEL,35470,,PLECHATEL,47.875174658,-1.734109442
35221,PLECHATEL,35470,LE CHATELLIER,PLECHATEL,47.875174658,-1.734109442
35227,PLEUMELEUC,35137,,PLEUMELEUC,48.183417782,-1.893568876
35234,QUEDILLAC,35290,,QUEDILLAC,48.237792708,-2.143733987
35241,LA RICHARDAIS,35780,,LA RICHARDAIS,48.609177009,-2.043645276
35245,ROMILLE,35850,,ROMILLE,48.222420169,-1.878721428
35247,ROZ SUR COUESNON,35610,,ROZ SUR COUESNON,48.596239636,-1.593200502
35249,STE ANNE SUR VILAINE,35390,,STE ANNE SUR VILAINE,47.734161793,-1.805152664
35256,ST BRIAC SUR MER,35800,,ST BRIAC SUR MER,48.615694771,-2.123852974
35257,MAEN ROCH,35460,ST BRICE EN COGLES,MAEN ROCH,48.400636918,-1.345728525
35260,ST CHRISTOPHE DES BOIS,35210,,ST CHRISTOPHE DES BOIS,48.226697084,-1.236374731
35263,ST COULOMB,35350,,ST COULOMB,48.677237284,-1.921140398
35276,ST GONDRAN,35630,,ST GONDRAN,48.268128154,-1.82537019
35277,ST GONLAY,35750,,ST GONLAY,48.113097851,-2.076230518
35279,ST GUINOUX,35430,,ST GUINOUX,48.580012533,-1.888639378
35282,RIVES DU COUESNON,35140,ST GEORGES DE CHESNE,RIVES DU COUESNON,48.284927722,-1.345743452
35289,ST MALO DE PHILY,35480,,ST MALO DE PHILY,47.867841549,-1.805403488
35310,ST SAUVEUR DES LANDES,35133,,ST SAUVEUR DES LANDES,48.346890049,-1.314272217
35312,ST SENOUX,35580,,ST SENOUX,47.910002646,-1.790014588
35318,ST THUAL,35190,,ST THUAL,48.335636892,-1.931787345
35321,SAULNIERES,35320,,SAULNIERES,47.919206014,-1.57784156
35325,LA SELLE GUERCHAISE,35130,,LA SELLE GUERCHAISE,47.942824585,-1.170410634
35332,TEILLAY,35620,,TEILLAY,47.807499789,-1.522451581
35350,VERGEAL,35680,,VERGEAL,48.035926798,-1.255657068
35354,VIEUX VIEL,35610,,VIEUX VIEL,48.501362594,-1.55338729
35357,VILLAMEE,35420,,VILLAMEE,48.455676105,-1.219277675
35361,LE VIVIER SUR MER,35960,,LE VIVIER SUR MER,48.59749784,-1.780929064
35003,ANDOUILLE NEUVILLE,35250,,ANDOUILLE NEUVILLE,48.297657345,-1.59581351
35006,ARGENTRE DU PLESSIS,35370,,ARGENTRE DU PLESSIS,48.048415915,-1.138440886
35019,BAZOUGES LA PEROUSE,35560,,BAZOUGES LA PEROUSE,48.440633568,-1.563596995
35022,BECHEREL,35190,,BECHEREL,48.2962972,-1.942863634
35033,BOURG DES COMPTES,35890,,BOURG DES COMPTES,47.921452877,-1.722294092
35034,LA BOUSSAC,35120,,LA BOUSSAC,48.51685482,-1.648943478
35037,BREAL SOUS MONTFORT,35310,,BREAL SOUS MONTFORT,48.044855823,-1.865591922
35055,CHANTEPIE,35135,,CHANTEPIE,48.082025446,-1.603859478
35059,LA CHAPELLE DES FOUGERETZ,35520,,LA CHAPELLE DES FOUGERETZ,48.177081793,-1.741313231
35061,LA CHAPELLE ERBREE,35500,,LA CHAPELLE ERBREE,48.140358071,-1.0896589
35069,CHATEAUGIRON,35410,,CHATEAUGIRON,48.048968229,-1.474638706
35075,CHAUVIGNE,35490,,CHAUVIGNE,48.37652357,-1.452166447
35077,CHELUN,35640,,CHELUN,47.85485826,-1.243524251
35078,CHERRUEIX,35120,,CHERRUEIX,48.594855555,-1.71550859
35084,COMBLESSAC,35330,,COMBLESSAC,47.872362356,-2.088404393
35086,COMBOURTILLE,35210,,COMBOURTILLE,48.266245208,-1.264458954
35092,CUGUEN,35270,,CUGUEN,48.440648262,-1.656344051
35101,DOURDAIN,35450,,DOURDAIN,48.19332383,-1.379902525
35106,ERCE EN LAMEE,35620,,ERCE EN LAMEE,47.817939975,-1.582416731
35112,FLEURIGNE,35133,,FLEURIGNE,48.361731329,-1.111788141
35124,GRAND FOUGERAY,35390,,GRAND FOUGERAY,47.73420778,-1.728304469
35125,LA GUERCHE DE BRETAGNE,35130,,LA GUERCHE DE BRETAGNE,47.943905146,-1.243222903
35126,GUICHEN,35580,,GUICHEN,47.965347345,-1.790206811
35136,JANZE,35150,,JANZE,47.942819635,-1.500820323
35145,LANGON,35660,,LANGON,47.733735609,-1.871838736
35146,LANGOUET,35630,,LANGOUET,48.254591018,-1.809648195
35149,LASSY,35580,,LASSY,47.972124737,-1.863996018
35150,LECOUSSE,35133,,LECOUSSE,48.359867855,-1.221026406
35152,LIFFRE,35340,,LIFFRE,48.204131984,-1.514377298
35156,LONGAULNAY,35190,,LONGAULNAY,48.309539615,-1.941104905
35162,LOUVIGNE DU DESERT,35420,,LOUVIGNE DU DESERT,48.48679995,-1.123481674
35163,LUITRE DOMPIERRE,35210,DOMPIERRE DU CHEMIN,LUITRE DOMPIERRE,48.286812702,-1.134053358
35167,MARTIGNE FERCHAUD,35640,,MARTIGNE FERCHAUD,47.828497078,-1.327648466
35168,VAL D ANAST,35330,MAURE DE BRETAGNE,VAL D ANAST,47.900118581,-2.0223224
35171,MEDREAC,35360,,MEDREAC,48.261190021,-2.060998579
35175,MERNEL,35330,,MERNEL,47.898750244,-1.95287698
35178,MEZIERES SUR COUESNON,35140,,MEZIERES SUR COUESNON,48.296882523,-1.43855502
35191,LES PORTES DU COGLAIS,35460,MONTOURS,LES PORTES DU COGLAIS,48.449190246,-1.335649608
35195,MONTREUIL SUR ILLE,35440,,MONTREUIL SUR ILLE,48.305604137,-1.668810851
35205,NOYAL SOUS BAZOUGES,35560,,NOYAL SOUS BAZOUGES,48.417519583,-1.624034624
35206,NOYAL CHATILLON SUR SEICHE,35230,,NOYAL CHATILLON SUR SEICHE,48.052319685,-1.662728532
35206,NOYAL CHATILLON SUR SEICHE,35230,CHATILLON SUR SEICHE,NOYAL CHATILLON SUR SEICHE,48.052319685,-1.662728532
35207,NOYAL SUR VILAINE,35530,,NOYAL SUR VILAINE,48.091423976,-1.505240448
35222,PLEINE FOUGERES,35610,,PLEINE FOUGERES,48.531066224,-1.573670717
35223,PLELAN LE GRAND,35380,,PLELAN LE GRAND,47.996659724,-2.079861467
35228,PLEURTUIT,35730,,PLEURTUIT,48.582704314,-2.060075714
35233,QUEBRIAC,35190,,QUEBRIAC,48.356574227,-1.813001902
35238,RENNES,35700,,RENNES,48.111680407,-1.681868718
35239,RETIERS,35240,,RETIERS,47.905815254,-1.343751163
35240,LE RHEU,35650,,LE RHEU,48.097273889,-1.781007436
35250,ST ARMEL,35230,,ST ARMEL,48.013354308,-1.580563523
35265,ST DOMINEUC,35190,,ST DOMINEUC,48.360565205,-1.869389411
35270,ST GEORGES DE GREHAIGNE,35610,,ST GEORGES DE GREHAIGNE,48.578803427,-1.54964785
35272,ST GERMAIN DU PINEL,35370,,ST GERMAIN DU PINEL,48.004892571,-1.172684912
35275,ST GILLES,35590,,ST GILLES,48.152246352,-1.853797645
35282,RIVES DU COUESNON,35140,ST MARC SUR COUESNON,RIVES DU COUESNON,48.284927722,-1.345743452
35282,RIVES DU COUESNON,35140,VENDEL,RIVES DU COUESNON,48.284927722,-1.345743452
35286,ST LEGER DES PRES,35270,,ST LEGER DES PRES,48.388352499,-1.657128395
35288,ST MALO,35400,,ST MALO,48.640048719,-1.980865007
35290,ST MALON SUR MEL,35750,,ST MALON SUR MEL,48.094371208,-2.111534733
35292,ST MARC LE BLANC,35460,BAILLE,ST MARC LE BLANC,48.373397199,-1.397723784
35304,ST OUEN DES ALLEUX,35140,,ST OUEN DES ALLEUX,48.326848495,-1.427721092
35309,ST REMY DU PLAIN,35560,,ST REMY DU PLAIN,48.376105515,-1.56642422
35317,ST SYMPHORIEN,35630,,ST SYMPHORIEN,48.280269654,-1.803148709
35322,LE SEL DE BRETAGNE,35320,,LE SEL DE BRETAGNE,47.898026519,-1.606300329
35327,SERVON SUR VILAINE,35530,,SERVON SUR VILAINE,48.121132516,-1.457975915
35328,SIXT SUR AFF,35550,,SIXT SUR AFF,47.774880372,-2.04960519
35330,TAILLIS,35500,,TAILLIS,48.184314015,-1.240049519
35338,TORCE,35370,,TORCE,48.061284514,-1.270683073
35339,TRANS LA FORET,35610,,TRANS LA FORET,48.487722202,-1.603796369
35345,TREVERIEN,35190,,TREVERIEN,48.371167613,-1.92022486
35353,VEZIN LE COQUET,35132,,VEZIN LE COQUET,48.117672493,-1.749252149
35355,VIEUX VY SUR COUESNON,35490,,VIEUX VY SUR COUESNON,48.334545923,-1.499153877
35356,VIGNOC,35630,,VIGNOC,48.256947791,-1.76362755
35362,LE TRONCHET,35540,,LE TRONCHET,48.492859081,-1.841414172
35363,PONT PEAN,35131,,PONT PEAN,48.010947119,-1.696373362
35001,ACIGNE,35690,,ACIGNE,48.146472503,-1.519156922
35004,VAL COUESNON,35560,ANTRAIN,VAL COUESNON,48.440079368,-1.46268206
35010,BAGUER PICAN,35120,,BAGUER PICAN,48.549892404,-1.691120364
35016,BAULON,35580,,BAULON,47.994959683,-1.929406329
35017,LA BAUSSAINE,35190,,LA BAUSSAINE,48.31294707,-1.896616166
35021,BEAUCE,35133,,BEAUCE,48.346757826,-1.155558635
35025,BILLE,35133,,BILLE,48.293858764,-1.251123427
35044,BROUALAN,35120,,BROUALAN,48.47528511,-1.66115802
35045,BRUC SUR AFF,35550,,BRUC SUR AFF,47.814274771,-2.00617628
35047,BRUZ,35170,PONT REAN,BRUZ,48.025911899,-1.748505182
35051,CESSON SEVIGNE,35510,,CESSON SEVIGNE,48.120400207,-1.59724509
35056,LA CHAPELLE AUX FILTZMEENS,35190,,LA CHAPELLE AUX FILTZMEENS,48.381674453,-1.818063363
35058,LA CHAPELLE CHAUSSEE,35630,,LA CHAPELLE CHAUSSEE,48.266710925,-1.863964399
35060,LA CHAPELLE DU LOU DU LAC,35360,LE LOU DU LAC,LA CHAPELLE DU LOU DU LAC,48.21578004,-1.993519164
35063,LA CHAPELLE ST AUBERT,35140,,LA CHAPELLE ST AUBERT,48.309918506,-1.314676226
35066,CHARTRES DE BRETAGNE,35131,,CHARTRES DE BRETAGNE,48.044923778,-1.706450506
35068,CHATEAUBOURG,35220,,CHATEAUBOURG,48.119808108,-1.40403902
35072,CHATILLON EN VENDELAIS,35210,,CHATILLON EN VENDELAIS,48.22885041,-1.164752374
35076,CHAVAGNE,35310,,CHAVAGNE,48.056320452,-1.786547463
35091,LE CROUAIS,35290,,LE CROUAIS,48.209371712,-2.150995832
35093,DINARD,35800,,DINARD,48.624750513,-2.062084653
35097,DOMALAIN,35680,,DOMALAIN,47.99921643,-1.239370169
35099,DOMLOUP,35410,,DOMLOUP,48.0684684,-1.54295343
35107,ERCE PRES LIFFRE,35340,,ERCE PRES LIFFRE,48.254539781,-1.517032057
35114,FORGES LA FORET,35640,,FORGES LA FORET,47.8615571,-1.292912476
35117,GAEL,35290,,GAEL,48.118492569,-2.228619025
35119,GENNES SUR SEICHE,35370,,GENNES SUR SEICHE,47.997956603,-1.13291119
35132,HIREL,35120,,HIREL,48.593618909,-1.809188885
35132,HIREL,35120,VILDE LA MARINE,HIREL,48.593618909,-1.809188885
35138,LAIGNELET,35133,,LAIGNELET,48.379693794,-1.152890021
35140,LALLEU,35320,,LALLEU,47.855952859,-1.522336952
35148,LANRIGAN,35270,,LANRIGAN,48.391463328,-1.691952055
35155,LOHEAC,35550,,LOHEAC,47.872591253,-1.888757472
35157,LE LOROUX,35133,,LE LOROUX,48.394838477,-1.082981245
35160,LOUTEHEL,35330,,LOUTEHEL,47.937013529,-2.079637954
35169,MAXENT,35380,,MAXENT,47.978321076,-2.016153538
35185,MONTAUTOUR,35210,,MONTAUTOUR,48.204672623,-1.120830478
35188,MONTFORT SUR MEU,35160,,MONTFORT SUR MEU,48.126116266,-1.963933977
35190,MONTHAULT,35420,,MONTHAULT,48.512339092,-1.175884682
35200,MOUTIERS,35130,,MOUTIERS,47.976013039,-1.205282543
35202,LA NOE BLANCHE,35470,,LA NOE BLANCHE,47.795075182,-1.745846811
35203,LA NOUAYE,35137,,LA NOUAYE,48.166354045,-1.974724928
35216,PARTHENAY DE BRETAGNE,35850,,PARTHENAY DE BRETAGNE,48.188070994,-1.829118412
35225,PLESDER,35720,,PLESDER,48.417908084,-1.929973377
35226,PLEUGUENEUC,35720,,PLEUGUENEUC,48.404539119,-1.885753254
35230,POILLEY,35420,,POILLEY,48.465975825,-1.256588671
35232,PRINCE,35210,,PRINCE,48.237551571,-1.105855416
35235,RANNEE,35130,,RANNEE,47.901406469,-1.200196605
35236,REDON,35600,,REDON,47.661216252,-2.08016417
35237,RENAC,35660,,RENAC,47.72782278,-1.966755244
35243,ROMAGNE,35133,,ROMAGNE,48.344541228,-1.262508701
35255,ST BENOIT DES ONDES,35114,,ST BENOIT DES ONDES,48.613513629,-1.861052615
35257,MAEN ROCH,35460,ST ETIENNE EN COGLES,MAEN ROCH,48.400636918,-1.345728525
35264,ST DIDIER,35220,,ST DIDIER,48.093265123,-1.357952517
35268,ST GANTON,35550,,ST GANTON,47.769824505,-1.891042743
35274,ST GERMAIN SUR ILLE,35250,,ST GERMAIN SUR ILLE,48.250459681,-1.652029662
35278,ST GREGOIRE,35760,,ST GREGOIRE,48.158493729,-1.685337689
35280,ST HILAIRE DES LANDES,35140,,ST HILAIRE DES LANDES,48.338312694,-1.366574834
35281,ST JACQUES DE LA LANDE,35136,,ST JACQUES DE LA LANDE,48.076118615,-1.722558013
35282,RIVES DU COUESNON,35140,ST JEAN SUR COUESNON,RIVES DU COUESNON,48.284927722,-1.345743452
35285,ST JUST,35550,,ST JUST,47.764436292,-1.969131549
35288,ST MALO,35400,PARAME,ST MALO,48.640048719,-1.980865007
35288,ST MALO,35400,ROTHENEUF,ST MALO,48.640048719,-1.980865007
35288,ST MALO,35400,ST SERVAN SUR MER,ST MALO,48.640048719,-1.980865007
35291,ST MARCAN,35120,,ST MARCAN,48.585259427,-1.628052573
35294,STE MARIE,35600,,STE MARIE,47.693519577,-2.013587106
35296,ST MEDARD SUR ILLE,35250,,ST MEDARD SUR ILLE,48.272995224,-1.670924977
35297,ST MEEN LE GRAND,35290,,ST MEEN LE GRAND,48.192349808,-2.194995104
35305,ST PERAN,35380,,ST PERAN,48.056820978,-2.06452705
35306,ST PERE MARC EN POULET,35430,,ST PERE MARC EN POULET,48.584126939,-1.929247306
35308,MESNIL ROC H,35720,ST PIERRE DE PLESGUEN,MESNIL ROC H,48.45801406,-1.8778414
35308,MESNIL ROC H,35720,TRESSE,MESNIL ROC H,48.45801406,-1.8778414
35315,ST SULPICE LA FORET,35250,,ST SULPICE LA FORET,48.212407534,-1.575873462
35316,ST SULPICE DES LANDES,35390,,ST SULPICE DES LANDES,47.776961884,-1.625721618
35320,ST UNIAC,35360,,ST UNIAC,48.166999305,-2.032799831
35326,SENS DE BRETAGNE,35490,,SENS DE BRETAGNE,48.336389627,-1.554034633
35335,THOURIE,35134,,THOURIE,47.848548707,-1.458039729
35346,TRIMER,35190,,TRIMER,48.344757088,-1.897228289
29014,BOTSORHEL,29650,,BOTSORHEL,48.506149636,-3.628782839
29042,CROZON,29160,,CROZON,48.244914628,-4.491944902
29043,DAOULAS,29460,,DAOULAS,48.35580949,-4.263889359
29046,DOUARNENEZ,29100,,DOUARNENEZ,48.080138679,-4.328017277
29047,LE DRENNEC,29860,,LE DRENNEC,48.533043997,-4.381945582
29053,LE FAOU,29590,,LE FAOU,48.30555737,-4.142603226
29054,LA FEUILLEE,29690,,LA FEUILLEE,48.391163352,-3.852136817
29055,LE FOLGOET,29260,,LE FOLGOET,48.566279876,-4.352323247
29057,LA FORET FOUESNANT,29940,,LA FORET FOUESNANT,47.920548648,-3.968055745
29065,GOURLIZON,29710,,GOURLIZON,48.025375337,-4.269591078
29066,GUENGAT,29180,,GUENGAT,48.041240587,-4.196044169
29071,GUILLIGOMARC H,29300,,GUILLIGOMARC H,47.943410977,-3.42611898
29076,MILIZAC GUIPRONVEL,29290,GUIPRONVEL,MILIZAC GUIPRONVEL,48.465048219,-4.567909406
29078,HANVEC,29460,,HANVEC,48.329908986,-4.139712897
29098,LAMPAUL PLOUARZEL,29810,,LAMPAUL PLOUARZEL,48.449988359,-4.764191484
29100,LANARVILY,29260,,LANARVILY,48.560967094,-4.382697134
29104,LANDEVENNEC,29560,,LANDEVENNEC,48.281227541,-4.312657705
29105,LANDIVISIAU,29400,,LANDIVISIAU,48.516404956,-4.060786056
29106,LANDREVARZEC,29510,,LANDREVARZEC,48.089632684,-4.074995991
29108,LANDUDEC,29710,,LANDUDEC,47.995270446,-4.328043827
29109,LANDUNVEZ,29840,,LANDUNVEZ,48.534440762,-4.730018051
29115,LANNEDERN,29190,,LANNEDERN,48.289441066,-3.902770761
29130,LOCMARIA PLOUZANE,29280,,LOCMARIA PLOUZANE,48.371499558,-4.650144094
29133,LOCQUIREC,29241,,LOCQUIREC,48.682930831,-3.667581439
29135,LOCTUDY,29750,,LOCTUDY,47.825013886,-4.187715332
29137,LOGONNA DAOULAS,29460,,LOGONNA DAOULAS,48.328565653,-4.288606627
29139,LOPEREC,29590,,LOPEREC,48.301668943,-4.034666916
29144,LA MARTYRE,29800,,LA MARTYRE,48.437046918,-4.169957627
29147,MELLAC,29300,,MELLAC,47.898564577,-3.587911207
29150,MOELAN SUR MER,29350,,MOELAN SUR MER,47.806298901,-3.645593893
29153,NEVEZ,29920,,NEVEZ,47.815466332,-3.775901861
29166,PLOEVEN,29550,,PLOEVEN,48.158165175,-4.212882784
29171,PLOMEUR,29120,,PLOMEUR,47.838142718,-4.294387728
29177,PLOUARZEL,29810,,PLOUARZEL,48.438892741,-4.721074429
29182,PLOUEGAT GUERAND,29620,,PLOUEGAT GUERAND,48.621683312,-3.670285182
29197,PLOUHINEC,29780,,PLOUHINEC,48.014225139,-4.485643289
29199,PLOUIGNEAU,29610,,PLOUIGNEAU,48.573297271,-3.702219869
29205,PLOUNEVEZEL,29270,,PLOUNEVEZEL,48.312109718,-3.574643154
29212,PLOUZANE,29280,,PLOUZANE,48.377624035,-4.598965851
29213,PLOUZEVEDE,29440,,PLOUZEVEDE,48.592434494,-4.095773332
29225,POULDREUZIC,29710,,POULDREUZIC,47.961161748,-4.363857699
29227,POULLAOUEN,29690,LOCMARIA BERRIEN,POULLAOUEN,48.347877827,-3.643645763
29230,QUERRIEN,29310,,QUERRIEN,47.95543352,-3.547539622
29236,RIEC SUR BELON,29340,,RIEC SUR BELON,47.849126475,-3.69050371
29243,ST COULITZ,29150,,ST COULITZ,48.182218707,-4.066884824
29252,ST JEAN TROLIMON,29120,,ST JEAN TROLIMON,47.868494618,-4.309163849
29266,ST THEGONNEC LOC EGUINER,29410,LOC EGUINER ST THEGONNEC,ST THEGONNEC LOC EGUINER,48.502271639,-3.940488625
29266,ST THEGONNEC LOC EGUINER,29410,ST THEGONNEC,ST THEGONNEC LOC EGUINER,48.502271639,-3.940488625
29268,ST THONAN,29800,,ST THONAN,48.47710363,-4.322689802
29273,SANTEC,29250,,SANTEC,48.699878192,-4.031586179
29280,TELGRUC SUR MER,29560,,TELGRUC SUR MER,48.233487792,-4.357264699
29281,TOURCH,29140,,TOURCH,48.027114963,-3.823394056
29295,TREMAOUEZAN,29800,,TREMAOUEZAN,48.508702664,-4.255796471
29002,ARZANO,29300,,ARZANO,47.893174019,-3.442755537
29003,AUDIERNE,29770,ESQUIBIEN,AUDIERNE,48.027732606,-4.561426721
29013,BOTMEUR,29690,,BOTMEUR,48.376854751,-3.922714385
29015,BOURG BLANC,29860,,BOURG BLANC,48.495756508,-4.50003105
29016,BRASPARTS,29190,,BRASPARTS,48.319459119,-3.950296924
29017,BRELES,29810,,BRELES,48.471187173,-4.687140619
29019,BREST,29200,,BREST,48.400345079,-4.502479359
29024,CARHAIX PLOUGUER,29270,,CARHAIX PLOUGUER,48.268748438,-3.566027483
29026,CHATEAULIN,29150,,CHATEAULIN,48.202954677,-4.073746337
29030,CLEDER,29233,,CLEDER,48.660341605,-4.124313934
29032,CLOHARS FOUESNANT,29950,,CLOHARS FOUESNANT,47.898169229,-4.082833818
29035,COAT MEAL,29870,,COAT MEAL,48.506017555,-4.539774887
29042,CROZON,29160,LE FRET,CROZON,48.244914628,-4.491944902
29056,LA FOREST LANDERNEAU,29800,,LA FOREST LANDERNEAU,48.434156875,-4.314866666
29058,FOUESNANT,29170,BEGMEIL,FOUESNANT,47.872601527,-4.016515185
29062,GOUEZEC,29190,,GOUEZEC,48.170053873,-3.972204106
29069,GUILERS,29820,,GUILERS,48.419107127,-4.562254202
29077,GUISSENY,29880,,GUISSENY,48.617083042,-4.411604236
29083,ILE DE SEIN,29990,,ILE DE SEIN,48.03142099,-4.838371381
29097,LAMPAUL GUIMILIAU,29400,,LAMPAUL GUIMILIAU,48.48372582,-4.04046759
29101,LANDEDA,29870,ABERWRACH,LANDEDA,48.589169111,-4.576775781
29102,LANDELEAU,29530,,LANDELEAU,48.25300436,-3.732795183
29107,LANDUDAL,29510,,LANDUDAL,48.056689542,-3.97782625
29120,LANVEOC,29160,,LANVEOC,48.275580525,-4.444441979
29123,LENNON,29190,,LENNON,48.205463922,-3.903018322
29141,LOQUEFFRET,29530,,LOQUEFFRET,48.329874517,-3.858858879
29143,MAHALON,29790,,MAHALON,48.027138421,-4.419504083
29150,MOELAN SUR MER,29350,KERFANY LES PINS,MOELAN SUR MER,47.806298901,-3.645593893
29152,MOTREFF,29270,,MOTREFF,48.219797313,-3.562670512
29153,NEVEZ,29920,PORT MANECH,NEVEZ,47.815466332,-3.775901861
29162,PLEYBEN,29190,,PLEYBEN,48.238063699,-3.975575954
29168,PLOGOFF,29770,,PLOGOFF,48.035058215,-4.67942562
29178,PLOUDALMEZEAU,29830,,PLOUDALMEZEAU,48.537591074,-4.669742347
29181,PLOUEDERN,29800,,PLOUEDERN,48.482852391,-4.252730158
29186,PLOUEZOC H,29252,,PLOUEZOC H,48.637223675,-3.815665124
29198,PLOUIDER,29260,,PLOUIDER,48.601734911,-4.292692293
29199,PLOUIGNEAU,29650,LE PONTHOU,PLOUIGNEAU,48.573297271,-3.702219869
29202,PLOUNEOUR MENEZ,29410,,PLOUNEOUR MENEZ,48.44573764,-3.880781578
29208,PLOURIN,29830,,PLOURIN,48.503032931,-4.68461586
29220,PONT L ABBE,29120,,PONT L ABBE,47.865184932,-4.216780858
29221,PORSPODER,29840,,PORSPODER,48.498453995,-4.7541235
29224,POULDERGAT,29100,,POULDERGAT,48.04015448,-4.32653951
29227,POULLAOUEN,29246,,POULLAOUEN,48.347877827,-3.643645763
29228,PRIMELIN,29770,,PRIMELIN,48.028981693,-4.605239952
29232,QUIMPER,29000,,QUIMPER,47.99710101,-4.091096788
29234,REDENE,29300,,REDENE,47.85540586,-3.487062187
29248,ST FREGANT,29260,,ST FREGANT,48.599792553,-4.373337455
29250,ST HERNIN,29270,,ST HERNIN,48.208122733,-3.61100549
29251,ST JEAN DU DOIGT,29630,,ST JEAN DU DOIGT,48.670027418,-3.762867875
29256,ST NIC,29550,,ST NIC,48.210999053,-4.280456957
29261,ST RIVOAL,29190,,ST RIVOAL,48.34916444,-3.987758119
29262,ST SAUVEUR,29400,,ST SAUVEUR,48.44826592,-4.000249304
29265,STE SEVE,29600,,STE SEVE,48.560269207,-3.889132251
29269,ST THURIEN,29380,,ST THURIEN,47.956751438,-3.619964902
29286,TREFLEVENEZ,29800,,TREFLEVENEZ,48.415558545,-4.175815799
29290,TREGLONOU,29870,,TREGLONOU,48.547560955,-4.547494432
29291,TREGOUREZ,29970,,TREGOUREZ,48.105826868,-3.871582096
29001,ARGOL,29560,,ARGOL,48.249860637,-4.299018623
29004,BANNALEC,29380,,BANNALEC,47.935239103,-3.695213554
29007,BERRIEN,29690,,BERRIEN,48.403021944,-3.765705405
29011,BOHARS,29820,,BOHARS,48.431361752,-4.521861946
29021,PLOUNEOUR BRIGNOGAN PLAGES,29890,BRIGNOGAN PLAGE,PLOUNEOUR BRIGNOGAN PLAGES,48.652661473,-4.330032275
29025,CAST,29150,,CAST,48.148889351,-4.11886839
29028,CLEDEN CAP SIZUN,29770,,CLEDEN CAP SIZUN,48.054008985,-4.656158694
29031,CLOHARS CARNOET,29360,,CLOHARS CARNOET,47.79449354,-3.566706716
29038,COMMANA,29450,,COMMANA,48.410384523,-3.969678094
29039,CONCARNEAU,29900,,CONCARNEAU,47.896434353,-3.907154683
29045,DIRINON,29460,,DIRINON,48.400850205,-4.269210901
29046,DOUARNENEZ,29100,TREBOUL,DOUARNENEZ,48.080138679,-4.328017277
29051,ERGUE GABERIC,29500,,ERGUE GABERIC,48.012204176,-4.00787791
29067,GUERLESQUIN,29650,,GUERLESQUIN,48.53185947,-3.587714315
29072,GUILVINEC,29730,,GUILVINEC,47.800365354,-4.285924684
29073,GUIMAEC,29620,,GUIMAEC,48.679210433,-3.706023519
29075,GUIPAVAS,29490,,GUIPAVAS,48.430681972,-4.396439983
29079,HENVIC,29670,,HENVIC,48.632652469,-3.931407953
29090,KERLAZ,29100,,KERLAZ,48.091448262,-4.263538123
29091,KERLOUAN,29890,,KERLOUAN,48.647791027,-4.378665518
29094,KERNOUES,29260,,KERNOUES,48.593983392,-4.34459697
29095,KERSAINT PLABENNEC,29860,,KERSAINT PLABENNEC,48.478849478,-4.362548193
29099,LAMPAUL PLOUDALMEZEAU,29830,,LAMPAUL PLOUDALMEZEAU,48.553750107,-4.647873723
29103,LANDERNEAU,29800,,LANDERNEAU,48.451106759,-4.264150685
29124,LESNEVEN,29260,,LESNEVEN,48.579932223,-4.312932262
29125,LEUHAN,29390,,LEUHAN,48.100578004,-3.778505893
29131,LOCMELAR,29400,,LOCMELAR,48.450222544,-4.057921755
29140,LOPERHET,29470,,LOPERHET,48.384149254,-4.313768727
29146,MELGVEN,29140,,MELGVEN,47.913039105,-3.841855789
29155,OUESSANT,29242,,ILE D OUESSANT,48.460730638,-5.086013927
29158,PENMARCH,29760,ST GUENOLE,PENMARCH,47.812348408,-4.341773283
29160,PLABENNEC,29860,,PLABENNEC,48.49366393,-4.41949551
29163,PLEYBER CHRIST,29410,,PLEYBER CHRIST,48.510673161,-3.871713177
29165,PLOBANNALEC LESCONIL,29740,LESCONIL,PLOBANNALEC LESCONIL,47.821008468,-4.228010061
29170,PLOMELIN,29700,,PLOMELIN,47.935833793,-4.150094698
29173,PLONEIS,29710,,PLONEIS,48.011116596,-4.209345829
29176,PLONEVEZ PORZAY,29550,,PLONEVEZ PORZAY,48.127499905,-4.239298599
29183,PLOUEGAT MOYSAN,29650,,PLOUEGAT MOYSAN,48.570137619,-3.616573238
29189,PLOUGASTEL DAOULAS,29470,,PLOUGASTEL DAOULAS,48.360312232,-4.382679357
29190,PLOUGONVELIN,29217,,PLOUGONVELIN,48.351092431,-4.718053472
29190,PLOUGONVELIN,29217,ST MATHIEU,PLOUGONVELIN,48.351092431,-4.718053472
29201,PLOUMOGUER,29810,,PLOUMOGUER,48.399748598,-4.715687528
29204,PLOUNEVENTER,29400,,PLOUNEVENTER,48.520903829,-4.208927124
29210,PLOUVORN,29420,,PLOUVORN,48.576884782,-4.02218014
29216,PLUGUFFAN,29700,,PLUGUFFAN,47.972204996,-4.187525044
29221,PORSPODER,29840,LARRET,PORSPODER,48.498453995,-4.7541235
29237,LA ROCHE MAURICE,29800,,LA ROCHE MAURICE,48.473430798,-4.19458795
29238,ROSCANVEL,29570,,ROSCANVEL,48.319042513,-4.558358697
29240,ROSNOEN,29590,,ROSNOEN,48.27137602,-4.19854421
29255,ST MEEN,29260,,ST MEEN,48.554758387,-4.258827846
29260,ST RENAN,29290,,ST RENAN,48.426041807,-4.62400497
29267,ST THOIS,29520,,ST THOIS,48.153395555,-3.906148338
29271,ST VOUGAY,29440,,ST VOUGAY,48.588844328,-4.146285158
29275,SCRIGNAC,29640,,SCRIGNAC,48.426574545,-3.668330915
29276,SIBIRIL,29250,,SIBIRIL,48.66430783,-4.071763438
29288,TREGARANTEC,29260,,TREGARANTEC,48.549427953,-4.289530514
29292,TREGUENNEC,29720,,TREGUENNEC,47.884821497,-4.339132034
29293,TREGUNC,29910,,TREGUNC,47.838210908,-3.841064391
29294,LE TREHOU,29450,,LE TREHOU,48.3938718,-4.129533872
29298,TREOGAT,29720,,TREOGAT,47.909598454,-4.341089103
29299,TREOUERGAT,29290,,TREOUERGAT,48.494960385,-4.601867967
29003,AUDIERNE,29770,,AUDIERNE,48.027732606,-4.561426721
29006,BENODET,29950,,BENODET,47.878417296,-4.076058689
29008,BEUZEC CAP SIZUN,29790,,BEUZEC CAP SIZUN,48.07166904,-4.507384691
29012,BOLAZEC,29640,,BOLAZEC,48.442782624,-3.594503207
29020,BRIEC,29510,,BRIEC,48.093786817,-4.020429806
29021,PLOUNEOUR BRIGNOGAN PLAGES,29890,PLOUNEOUR TREZ,PLOUNEOUR BRIGNOGAN PLAGES,48.652661473,-4.330032275
29023,CARANTEC,29660,,CARANTEC,48.656899875,-3.914569133
29031,CLOHARS CARNOET,29360,LE POULDU,CLOHARS CARNOET,47.79449354,-3.566706716
29033,LE CLOITRE PLEYBEN,29190,,LE CLOITRE PLEYBEN,48.258689977,-3.896689605
29036,COLLOREC,29530,,COLLOREC,48.291503253,-3.77133931
29037,COMBRIT,29120,,COMBRIT,47.887144359,-4.164161625
29042,CROZON,29160,MORGAT,CROZON,48.244914628,-4.491944902
29044,DINEAULT,29150,,DINEAULT,48.217776216,-4.166687626
29049,ELLIANT,29370,,ELLIANT,48.007860722,-3.902543676
29063,GOULIEN,29770,,GOULIEN,48.058422749,-4.592583357
29070,GUILER SUR GOYEN,29710,,GUILER SUR GOYEN,48.016832915,-4.361193002
29082,ILE DE BATZ,29253,,ILE DE BATZ,48.745680755,-4.01493735
29085,ILE TUDY,29980,,ILE TUDY,47.853687529,-4.160682849
29086,IRVILLAC,29460,,IRVILLAC,48.366930178,-4.201413338
29087,LE JUCH,29100,,LE JUCH,48.055473067,-4.265144911
29101,LANDEDA,29870,,LANDEDA,48.589169111,-4.576775781
29111,LANHOUARNEAU,29430,,LANHOUARNEAU,48.575338355,-4.204440035
29113,LANMEUR,29620,,LANMEUR,48.64250228,-3.721505036
29114,LANNEANOU,29640,,LANNEANOU,48.498207874,-3.665284957
29122,LAZ,29520,,LAZ,48.135670782,-3.839934121
29132,LOCQUENOLE,29670,,LOCQUENOLE,48.623755703,-3.863504635
29136,LOCUNOLE,29310,,LOCUNOLE,47.924006006,-3.485584559
29142,LOTHEY,29190,,LOTHEY,48.183845781,-4.025688336
29148,MESPAUL,29420,,MESPAUL,48.613361533,-4.060717995
29151,MORLAIX,29600,,MORLAIX,48.60016464,-3.820230779
29156,PENCRAN,29800,,PENCRAN,48.443706991,-4.221168317
29158,PENMARCH,29760,,PENMARCH,47.812348408,-4.341773283
29159,PEUMERIT,29710,,PEUMERIT,47.946755348,-4.295844158
29165,PLOBANNALEC LESCONIL,29740,,PLOBANNALEC LESCONIL,47.821008468,-4.228010061
29174,PLONEOUR LANVERN,29720,,PLONEOUR LANVERN,47.908563491,-4.265120982
29175,PLONEVEZ DU FAOU,29530,,PLONEVEZ DU FAOU,48.256054795,-3.823583854
29179,PLOUDANIEL,29260,,PLOUDANIEL,48.523050138,-4.31379249
29180,PLOUDIRY,29800,,PLOUDIRY,48.457449177,-4.129289049
29184,PLOUENAN,29420,,PLOUENAN,48.621023413,-3.980405387
29185,PLOUESCAT,29430,,PLOUESCAT,48.665530175,-4.180115585
29187,PLOUGAR,29440,,PLOUGAR,48.556495931,-4.128533435
29188,PLOUGASNOU,29630,,PLOUGASNOU,48.677417325,-3.811748333
29191,PLOUGONVEN,29640,,PLOUGONVEN,48.505630384,-3.727495397
29192,PLOUGOULM,29250,,PLOUGOULM,48.656255626,-4.041883832
29193,PLOUGOURVEST,29400,,PLOUGOURVEST,48.553685459,-4.073314878
29195,PLOUGUERNEAU,29880,,PLOUGUERNEAU,48.603431526,-4.490978256
29209,PLOUVIEN,29860,,PLOUVIEN,48.539471667,-4.465366389
29211,PLOUYE,29690,,PLOUYE,48.320663328,-3.734425167
29214,PLOVAN,29720,,PLOVAN,47.932953107,-4.359921263
29218,PONT CROIX,29790,,PONT CROIX,48.046355308,-4.497606335
29229,QUEMENEVEN,29180,,QUEMENEVEN,48.118064644,-4.143925661
29233,QUIMPERLE,29300,,QUIMPERLE,47.856153429,-3.555021762
29247,ST EVARZEC,29170,,ST EVARZEC,47.953775253,-4.009799895
29254,ST MARTIN DES CHAMPS,29600,,ST MARTIN DES CHAMPS,48.576055953,-3.85597078
29257,ST PABU,29830,,ST PABU,48.56236229,-4.619768097
29263,ST SEGAL,29590,,ST SEGAL,48.235791501,-4.077581926
29270,ST URBAIN,29800,,ST URBAIN,48.397067074,-4.222058635
29272,ST YVI,29140,,ST YVI,47.959951178,-3.93884767
29274,SCAER,29390,,SCAER,48.027810505,-3.730246087
29279,TAULE,29670,,TAULE,48.604497813,-3.899102308
29285,TREFLAOUENAN,29440,,TREFLAOUENAN,48.626947977,-4.09875115
29289,TREGARVAN,29560,,TREGARVAN,48.237715504,-4.231047173
29297,TREMEVEN,29300,,TREMEVEN,47.902151396,-3.52501355
29300,LE TREVOUX,29380,,LE TREVOUX,47.888587443,-3.657029043
29005,BAYE,29300,,BAYE,47.85584953,-3.613231761
29010,BODILIS,29400,,BODILIS,48.515319658,-4.120072961
29018,BRENNILIS,29690,,BRENNILIS,48.359908338,-3.85090142
29022,CAMARET SUR MER,29570,,CAMARET SUR MER,48.268164414,-4.586900059
29027,CHATEAUNEUF DU FAOU,29520,,CHATEAUNEUF DU FAOU,48.18882094,-3.820859301
29029,CLEDEN POHER,29270,,CLEDEN POHER,48.243110111,-3.664154297
29034,LE CLOITRE ST THEGONNEC,29410,,LE CLOITRE ST THEGONNEC,48.459764244,-3.792461128
29040,LE CONQUET,29217,,LE CONQUET,48.357025748,-4.762265499
29041,CORAY,29370,,CORAY,48.065941549,-3.85507578
29048,EDERN,29510,,EDERN,48.119421865,-3.960660135
29058,FOUESNANT,29170,,FOUESNANT,47.872601527,-4.016515185
29059,GARLAN,29610,,GARLAN,48.603848032,-3.766569386
29060,GOUESNACH,29950,,GOUESNACH,47.917204781,-4.110905871
29061,GOUESNOU,29850,,GOUESNOU,48.446701458,-4.46323582
29064,GOULVEN,29890,,GOULVEN,48.623830137,-4.295727777
29068,GUICLAN,29410,,GUICLAN,48.543150109,-3.979803352
29074,GUIMILIAU,29400,,GUIMILIAU,48.481678221,-3.99708811
29076,MILIZAC GUIPRONVEL,29290,MILIZAC,MILIZAC GUIPRONVEL,48.465048219,-4.567909406
29080,HOPITAL CAMFROUT,29460,,L HOPITAL CAMFROUT,48.324256411,-4.238807873
29081,HUELGOAT,29690,,HUELGOAT,48.361688584,-3.758481504
29084,ILE MOLENE,29259,,ILE MOLENE,48.396523728,-4.958609153
29089,KERGLOFF,29270,,KERGLOFF,48.28018213,-3.645915396
29093,KERNILIS,29260,,KERNILIS,48.575392101,-4.411074241
29110,LANGOLEN,29510,,LANGOLEN,48.074170926,-3.91645942
29112,LANILDUT,29840,,LANILDUT,48.481944518,-4.732975408
29116,LANNEUFFRET,29400,,LANNEUFFRET,48.495889998,-4.20154459
29117,LANNILIS,29870,,LANNILIS,48.56994779,-4.524874372
29119,LANRIVOARE,29290,,LANRIVOARE,48.466358742,-4.634546977
29126,LOC BREVALAIRE,29260,,LOC BREVALAIRE,48.554109757,-4.407112848
29128,LOC EGUINER,29400,,LOC EGUINER,48.47572349,-4.092367277
29134,LOCRONAN,29180,,LOCRONAN,48.098083169,-4.213158145
29145,CONFORT MEILARS,29790,,CONFORT MEILARS,48.056033086,-4.434726734
29161,PLEUVEN,29170,,PLEUVEN,47.914844197,-4.046031125
29167,PLOGASTEL ST GERMAIN,29710,,PLOGASTEL ST GERMAIN,47.977413063,-4.263779791
29169,PLOGONNEC,29180,,PLOGONNEC,48.072806039,-4.158668149
29172,PLOMODIERN,29550,,PLOMODIERN,48.180953919,-4.217322078
29178,PLOUDALMEZEAU,29830,PORTSALL,PLOUDALMEZEAU,48.537591074,-4.669742347
29188,PLOUGASNOU,29630,PRIMEL TREGASTEL,PLOUGASNOU,48.677417325,-3.811748333
29196,PLOUGUIN,29830,,PLOUGUIN,48.528931262,-4.592541073
29206,PLOUNEVEZ LOCHRIST,29430,,PLOUNEVEZ LOCHRIST,48.619686333,-4.198629545
29207,PLOURIN LES MORLAIX,29600,,PLOURIN LES MORLAIX,48.521816494,-3.800350493
29215,PLOZEVET,29710,,PLOZEVET,47.98289482,-4.40959532
29217,PONT AVEN,29930,,PONT AVEN,47.872215107,-3.76572829
29222,PORT LAUNAY,29150,,PORT LAUNAY,48.217805158,-4.081894539
29226,POULLAN SUR MER,29100,,POULLAN SUR MER,48.077073132,-4.397638835
29235,LE RELECQ KERHUON,29480,,LE RELECQ KERHUON,48.403221069,-4.401236783
29239,ROSCOFF,29680,,ROSCOFF,48.711973156,-3.988694813
29241,ROSPORDEN,29140,,ROSPORDEN,47.958176098,-3.800741451
29241,ROSPORDEN,29140,KERNEVEL,ROSPORDEN,47.958176098,-3.800741451
29244,ST DERRIEN,29440,,ST DERRIEN,48.544602159,-4.186616351
29245,ST DIVY,29800,,ST DIVY,48.454309269,-4.330192387
29246,ST ELOY,29460,,ST ELOY,48.363533908,-4.115385758
29249,ST GOAZEC,29520,,ST GOAZEC,48.151652959,-3.765904007
29259,ST POL DE LEON,29250,,ST POL DE LEON,48.672617829,-3.988959418
29264,ST SERVAIS,29400,,ST SERVAIS,48.515423871,-4.158215783
29277,SIZUN,29450,,SIZUN,48.394863914,-4.0450954
29278,SPEZET,29540,,SPEZET,48.186108198,-3.691978915
29282,TREBABU,29217,,TREBABU,48.370596391,-4.732277761
29284,TREFFIAGAT,29730,,TREFFIAGAT,47.804975991,-4.26008324
29287,TREFLEZ,29430,,TREFLEZ,48.626484982,-4.257297839
29296,TREMEOC,29120,,TREMEOC,47.90728335,-4.219951554
29301,TREZILIDE,29440,,TREZILIDE,48.610049091,-4.084482108
29302,PONT DE BUIS LES QUIMERCH,29590,,PONT DE BUIS LES QUIMERCH,48.27446138,-4.107614705
29302,PONT DE BUIS LES QUIMERCH,29590,QUIMERCH,PONT DE BUIS LES QUIMERCH,48.27446138,-4.107614705
56005,ARZON,56640,PORT NAVALO,ARZON,47.547656248,-2.886486806
56011,BEGANNE,56350,,BEGANNE,47.602737037,-2.244241601
56014,BERNE,56240,,BERNE,47.984845172,-3.373760772
56020,BOHAL,56140,,BOHAL,47.78470479,-2.447014479
56023,BRECH,56400,,BRECH,47.709356381,-3.024142132
56025,BRIGNAC,56430,,BRIGNAC,48.112177029,-2.395213855
56030,CAMOEL,56130,,CAMOEL,47.477623944,-2.398693476
56042,COLPO,56390,,COLPO,47.816600324,-2.806580262
56060,LES FOUGERETS,56200,,LES FOUGERETS,47.748210999,-2.197434587
56068,LA GREE ST LAURENT,56120,,LA GREE ST LAURENT,48.00158581,-2.503987512
56071,GUEHENNO,56420,,GUEHENNO,47.891871815,-2.65173195
56073,GUEMENE SUR SCORFF,56160,,GUEMENE SUR SCORFF,48.066113437,-3.205176255
56075,GUER,56380,COETQUIDAN BELLEVUE,GUER,47.907833526,-2.129142173
56081,GUISCRIFF,56560,,GUISCRIFF,48.042771619,-3.623328709
56083,HENNEBONT,56700,,HENNEBONT,47.807604985,-3.270366459
56086,ILE D HOUAT,56170,,ILE D HOUAT,47.389997905,-2.968742032
56091,JOSSELIN,56120,,JOSSELIN,47.954109117,-2.547893669
56092,KERFOURN,56920,,KERFOURN,48.043261614,-2.837352822
56103,LANTILLAC,56120,,LANTILLAC,47.951469491,-2.660408507
56105,LANVENEGEN,56320,,LANVENEGEN,48.004299964,-3.531714116
56107,LARMOR PLAGE,56260,,LARMOR PLAGE,47.715955025,-3.391638203
56112,LIZIO,56460,,LIZIO,47.864423354,-2.520225179
56117,LOCMINE,56500,,LOCMINE,47.880139389,-2.837526831
56119,LOCOAL MENDON,56550,,LOCOAL MENDON,47.702031769,-3.1095634
56124,MALESTROIT,56140,,MALESTROIT,47.807347733,-2.38700699
56141,MOUSTOIR AC,56500,,MOUSTOIR AC,47.842977029,-2.858736524
56147,NIVILLAC,56130,,NIVILLAC,47.540561642,-2.249458487
56148,NOSTANG,56690,,NOSTANG,47.755028768,-3.17479234
56152,LE PALAIS,56360,,LE PALAIS,47.342732992,-3.170912084
56155,PENESTIN,56760,,PENESTIN,47.473024615,-2.465433896
56158,PLESCOP,56890,,PLESCOP,47.697603123,-2.831139936
56160,PLEUGRIFFET,56120,,PLEUGRIFFET,47.994156386,-2.691264048
56164,PLOEREN,56880,,PLOEREN,47.661790536,-2.84286151
56168,PLOUHARNEL,56340,,PLOUHARNEL,47.600512357,-3.122224592
56174,PLUMELIN,56500,,PLUMELIN,47.882321883,-2.887457637
56176,PLUNERET,56400,,PLUNERET,47.678430059,-2.945824584
56188,QUISTINIC,56310,,QUISTINIC,47.909249669,-3.127398095
56198,ROHAN,56580,ST GOUVRY,ROHAN,48.089529609,-2.742774706
56198,ROHAN,56580,ST SAMSON,ROHAN,48.089529609,-2.742774706
56199,ROUDOUALLEC,56110,,ROUDOUALLEC,48.120009317,-3.694337668
56204,ST ALLOUESTRE,56500,,ST ALLOUESTRE,47.908351408,-2.73618227
56209,STE BRIGITTE,56480,,STE BRIGITTE,48.177042049,-3.11040789
56218,ST GRAVE,56220,,ST GRAVE,47.722799801,-2.288555927
56220,STE HELENE,56700,,STE HELENE,47.717419522,-3.18525192
56233,ST PHILIBERT,56470,,ST PHILIBERT,47.587869887,-3.000797545
56239,ST VINCENT SUR OUST,56350,,ST VINCENT SUR OUST,47.702387659,-2.148390523
56244,SERENT,56460,,SERENT,47.824857271,-2.497399367
56251,THEIX NOYALO,56450,NOYALO,THEIX NOYALO,47.631759109,-2.651784102
56255,TREFFLEAN,56250,,TREFFLEAN,47.678258599,-2.622102534
56257,LA TRINITE PORHOET,56490,,LA TRINITE PORHOET,48.09858029,-2.524164736
56009,BANGOR,56360,,BANGOR,47.313069437,-3.192784025
56018,BILLIERS,56190,,BILLIERS,47.523493733,-2.479381901
56019,BILLIO,56420,,BILLIO,47.867798245,-2.647565242
56027,BULEON,56420,,BULEON,47.920177593,-2.675045402
56033,CARENTOIR,56910,,CARENTOIR,47.823364182,-2.131027327
56033,CARENTOIR,56910,QUELNEUC,CARENTOIR,47.823364182,-2.131027327
56036,CAUDAN,56850,,CAUDAN,47.813267455,-3.341411551
56040,CLEGUER,56620,,CLEGUER,47.865272894,-3.365175889
56045,LE COURS,56230,,LE COURS,47.749125488,-2.508145385
56061,LA GACILLY,56200,GLENAC,LA GACILLY,47.763828747,-2.14023729
56075,GUER,56380,,GUER,47.907833526,-2.129142173
56076,GUERN,56310,,GUERN,48.034724266,-3.102315608
56087,ILE AUX MOINES,56780,,ILE AUX MOINES,47.583799434,-2.854158374
56094,KERVIGNAC,56700,,KERVIGNAC,47.768787324,-3.247912575
56098,LANESTER,56600,,LANESTER,47.768795862,-3.327427344
56100,LANGONNET,56630,,LANGONNET,48.131846317,-3.481212881
56101,LANGUIDIC,56440,,LANGUIDIC,47.836984625,-3.147860566
56114,LOCMARIA,56360,,LOCMARIA,47.302154316,-3.105309494
56125,MALGUENAC,56300,,MALGUENAC,48.069034426,-3.056524909
56140,MOREAC,56500,,MOREAC,47.933038525,-2.803850649
56144,EVELLYS,56500,MOUSTOIR REMUNGOL,EVELLYS,47.974816164,-2.870054353
56149,NOYAL MUZILLAC,56190,,NOYAL MUZILLAC,47.599595078,-2.45951403
56159,PLEUCADEUC,56140,,PLEUCADEUC,47.769324495,-2.386172758
56170,PLOURAY,56770,,PLOURAY,48.134288053,-3.375672875
56173,PLUMELIAU BIEUZY,56930,PLUMELIAU,PLUMELIAU BIEUZY,47.972779654,-2.992531365
56181,PORT LOUIS,56290,,PORT LOUIS,47.709618118,-3.349748873
56189,RADENAC,56500,,RADENAC,47.949123642,-2.713192616
56194,RIEUX,56350,,RIEUX,47.60581778,-2.125696147
56197,VAL D OUST,56460,LA CHAPELLE CARO,VAL D OUST,47.870825024,-2.431663823
56198,ROHAN,56580,,ROHAN,48.089529609,-2.742774706
56201,LE SAINT,56110,,LE SAINT,48.096866464,-3.565019487
56205,ST ARMEL,56450,,ST ARMEL,47.564484913,-2.713038288
56208,ST BRIEUC DE MAURON,56430,,ST BRIEUC DE MAURON,48.089978637,-2.361207694
56212,ST DOLAY,56130,,ST DOLAY,47.54718487,-2.172189892
56215,ST GONNERY,56920,,ST GONNERY,48.125825844,-2.821060075
56225,ST LERY,56430,,ST LERY,48.091184213,-2.263744791
56227,ST MALO DES TROIS FONTAINES,56490,,ST MALO DES TROIS FONTAINES,48.016962979,-2.469012229
56230,ST NICOLAS DU TERTRE,56910,,ST NICOLAS DU TERTRE,47.79613606,-2.21782565
56231,ST NOLFF,56250,,ST NOLFF,47.69863388,-2.665950286
56234,ST PIERRE QUIBERON,56510,,ST PIERRE QUIBERON,47.522671523,-3.138504295
56238,ST TUGDUAL,56540,,ST TUGDUAL,48.096136779,-3.366970607
56245,SILFIAC,56480,,SILFIAC,48.144879851,-3.172961745
56250,THEHILLAC,56130,,THEHILLAC,47.55196028,-2.11844535
56254,TREDION,56250,,TREDION,47.782989524,-2.583971546
56260,VANNES,56000,,VANNES,47.659791963,-2.757100271
56261,LA VRAIE CROIX,56250,,LA VRAIE CROIX,47.689981017,-2.518979605
56001,ALLAIRE,56350,,ALLAIRE,47.639321756,-2.177336284
56002,AMBON,56190,,AMBON,47.557163,-2.541061818
56003,ARRADON,56610,,ARRADON,47.633874493,-2.822764777
56004,ARZAL,56190,,ARZAL,47.521380902,-2.404143814
56006,AUGAN,56800,,AUGAN,47.912505767,-2.267644551
56008,BADEN,56870,,BADEN,47.614999248,-2.903301929
56022,BRANDIVY,56390,,BRANDIVY,47.784224988,-2.922225374
56032,CAMPENEAC,56800,,CAMPENEAC,47.962620773,-2.277925325
56035,CARO,56140,,CARO,47.86214178,-2.327688306
56047,CREDIN,56580,,CREDIN,48.038955118,-2.764996913
56048,LE CROISTY,56540,,LE CROISTY,48.061466933,-3.37320876
56051,CRUGUEL,56420,,CRUGUEL,47.878077778,-2.590620331
56054,ERDEVEN,56410,,ERDEVEN,47.637063503,-3.156160436
56057,LE FAOUET,56320,,LE FAOUET,48.048725954,-3.508729907
56058,FEREL,56130,,FEREL,47.48717969,-2.339653888
56062,GAVRES,56680,,GAVRES,47.695126529,-3.334342308
56063,GESTEL,56530,,GESTEL,47.808322546,-3.437634061
56065,GOURHEL,56800,,GOURHEL,47.93926141,-2.359142948
56066,GOURIN,56110,,GOURIN,48.136588938,-3.604144833
56069,GROIX,56590,,GROIX,47.637219168,-3.464382216
56074,GUENIN,56150,,GUENIN,47.905506128,-2.96648019
56077,LE GUERNO,56190,,LE GUERNO,47.590967833,-2.399742517
56078,GUIDEL,56520,,GUIDEL,47.794418189,-3.492427568
56089,INGUINIEL,56240,,INGUINIEL,47.955663014,-3.260335127
56093,KERGRIST,56300,,KERGRIST,48.147326209,-2.928687353
56096,LANDAUL,56690,,LANDAUL,47.741506472,-3.099443975
56102,FORGES DE LANOUEE,56120,LANOUEE,FORGES DE LANOUEE,48.010692279,-2.580676769
56104,LANVAUDAN,56240,,LANVAUDAN,47.889450064,-3.264233641
56109,LAUZACH,56190,,LAUZACH,47.611417147,-2.556142698
56110,LIGNOL,56160,,LIGNOL,48.02730613,-3.271658004
56113,LOCMALO,56160,,LOCMALO,48.06247434,-3.183177186
56115,LOCMARIA GRAND CHAMP,56390,,LOCMARIA GRAND CHAMP,47.759977747,-2.790177563
56122,LOYAT,56800,,LOYAT,47.992380372,-2.384307511
56127,MAURON,56430,,MAURON,48.082675719,-2.304884581
56131,MESLAN,56320,,MESLAN,47.987787085,-3.447800409
56132,MEUCON,56890,,MEUCON,47.723957223,-2.773862267
56134,MOHON,56490,,MOHON,48.063250948,-2.494912872
56135,MOLAC,56230,,MOLAC,47.736036899,-2.439303315
56137,MONTERBLANC,56250,,MONTERBLANC,47.731426364,-2.696314299
56143,MUZILLAC,56190,,MUZILLAC,47.555026291,-2.473645357
56144,EVELLYS,56500,REMUNGOL,EVELLYS,47.974816164,-2.870054353
56153,PEAULE,56130,,PEAULE,47.582874593,-2.335522017
56154,PEILLAC,56220,,PEILLAC,47.715286814,-2.218840199
56156,PERSQUEN,56160,,PERSQUEN,48.014984362,-3.218837642
56157,PLAUDREN,56420,,PLAUDREN,47.779326416,-2.695216598
56169,PLOUHINEC,56680,,PLOUHINEC,47.692459316,-3.23326746
56175,PLUMERGAT,56400,,PLUMERGAT,47.727805712,-2.922867803
56177,PLUVIGNER,56330,,PLUVIGNER,47.782651228,-3.015871696
56177,PLUVIGNER,56330,BIEUZY LANVAUX,PLUVIGNER,47.782651228,-3.015871696
56180,PORCARO,56380,,PORCARO,47.920002729,-2.193556498
56191,REMINIAC,56140,,REMINIAC,47.863585231,-2.252678361
56211,ST CONGARD,56140,,ST CONGARD,47.767927458,-2.328266453
56213,ST GERAND CROIXANVEC,56920,CROIXANVEC,ST GERAND CROIXANVEC,48.108887728,-2.886072133
56214,ST GILDAS DE RHUYS,56730,,ST GILDAS DE RHUYS,47.512372747,-2.832424664
56222,ST JEAN BREVELAY,56660,,ST JEAN BREVELAY,47.831311015,-2.727237193
56232,ST PERREUX,56350,,ST PERREUX,47.672510599,-2.122715049
56236,ST SERVANT,56120,,ST SERVANT,47.899196576,-2.512037125
56243,SENE,56860,,SENE,47.62209874,-2.725704535
56246,LE SOURN,56300,,LE SOURN,48.038384224,-2.994843126
56249,TAUPONT,56800,,TAUPONT,47.962638334,-2.442675343
56251,THEIX NOYALO,56450,THEIX,THEIX NOYALO,47.631759109,-2.651784102
56253,TREAL,56140,,TREAL,47.832862307,-2.229180192
56262,LE BONO,56400,,LE BONO,47.636956039,-2.939215911
56263,STE ANNE D AURAY,56400,,STE ANNE D AURAY,47.700406765,-2.952858221
56005,ARZON,56640,,ARZON,47.547656248,-2.886486806
56010,BAUD,56150,,BAUD,47.875553114,-3.030708242
56012,BEIGNON,56380,,BEIGNON,47.965835344,-2.180339896
56013,BELZ,56550,,BELZ,47.672411176,-3.161744463
56017,BIGNAN,56500,,BIGNAN,47.877128765,-2.759589533
56021,BRANDERION,56700,,BRANDERION,47.792378094,-3.193270414
56024,BREHAN,56580,,BREHAN,48.070150572,-2.686850781
56031,CAMORS,56330,,CAMORS,47.830036303,-3.000061211
56041,CLEGUEREC,56480,,CLEGUEREC,48.128101089,-3.06365638
56044,COURNON,56200,,COURNON,47.749467057,-2.09823698
56046,CRACH,56950,,CRACH,47.630421243,-3.000327805
56050,LA CROIX HELLEAN,56120,,LA CROIX HELLEAN,47.963764752,-2.51103388
56067,GRAND CHAMP,56390,,GRAND CHAMP,47.760815001,-2.847811035
56070,GUEGON,56120,,GUEGON,47.925504665,-2.586230282
56079,GUILLAC,56800,,GUILLAC,47.923891021,-2.479239615
56080,GUILLIERS,56490,,GUILLIERS,48.051945694,-2.415107194
56084,LE HEZO,56450,,LE HEZO,47.580786088,-2.690881693
56085,HOEDIC,56170,,ILE DE HOEDIC,47.339850821,-2.875335445
56088,ILE D ARZ,56840,,ILE D ARZ,47.592230874,-2.802023605
56097,LANDEVANT,56690,,LANDEVANT,47.771689809,-3.113336938
56102,FORGES DE LANOUEE,56120,LES FORGES,FORGES DE LANOUEE,48.010692279,-2.580676769
56106,LARMOR BADEN,56870,,LARMOR BADEN,47.591961525,-2.899788197
56108,LARRE,56230,,LARRE,47.71595916,-2.4943615
56111,LIMERZEL,56220,,LIMERZEL,47.636056342,-2.361975436
56120,LOCQUELTAS,56390,,LOCQUELTAS,47.763940153,-2.758140606
56123,MALANSAC,56220,,MALANSAC,47.686382249,-2.299506053
56126,MARZAN,56130,,MARZAN,47.541392612,-2.353511797
56128,MELRAND,56310,,MELRAND,47.975028678,-3.100137196
56129,MENEAC,56490,,MENEAC,48.131560657,-2.454076691
56133,MISSIRIAC,56140,,MISSIRIAC,47.823856619,-2.355901522
56136,MONTENEUF,56380,,MONTENEUF,47.878442912,-2.192897567
56144,EVELLYS,56500,NAIZIN,EVELLYS,47.974816164,-2.870054353
56146,NEULLIAC,56300,,NEULLIAC,48.121785081,-2.971978341
56165,PLOERMEL,56800,MONTERREIN,PLOERMEL,47.917356575,-2.379915883
56166,PLOUAY,56240,,PLOUAY,47.927051006,-3.337276295
56167,PLOUGOUMELEN,56400,,PLOUGOUMELEN,47.661158562,-2.897914064
56172,PLUMELEC,56420,,PLUMELEC,47.825785735,-2.623532091
56173,PLUMELIAU BIEUZY,56310,BIEUZY,PLUMELIAU BIEUZY,47.972779654,-2.992531365
56178,PONTIVY,56300,,PONTIVY,48.073196334,-2.970642339
56182,PRIZIAC,56320,,PRIZIAC,48.055585933,-3.43507886
56184,QUESTEMBERT,56230,,QUESTEMBERT,47.663936666,-2.43650753
56185,QUEVEN,56530,,QUEVEN,47.784331042,-3.418526738
56193,RIANTEC,56670,,RIANTEC,47.718519644,-3.30296561
56195,LA ROCHE BERNARD,56130,,LA ROCHE BERNARD,47.51954187,-2.302657759
56196,ROCHEFORT EN TERRE,56220,,ROCHEFORT EN TERRE,47.69896182,-2.344427658
56200,RUFFIAC,56140,,RUFFIAC,47.814045411,-2.285064145
56206,ST AVE,56890,,ST AVE,47.698698157,-2.74177733
56210,ST CARADEC TREGOMEL,56540,,ST CARADEC TREGOMEL,48.032460733,-3.351418239
56219,ST GUYOMARD,56460,,ST GUYOMARD,47.779433861,-2.50230085
56221,ST JACUT LES PINS,56220,,ST JACUT LES PINS,47.67785632,-2.212340143
56224,ST LAURENT SUR OUST,56140,,ST LAURENT SUR OUST,47.791784467,-2.313935972
56226,ST MALO DE BEIGNON,56380,,ST MALO DE BEIGNON,47.956136106,-2.144731056
56228,ST MARCEL,56140,,ST MARCEL,47.811592521,-2.416898853
56237,ST THURIAU,56300,,ST THURIAU,48.017181057,-2.943536857
56240,SARZEAU,56370,,SARZEAU,47.524108986,-2.751721049
56242,SEGLIEN,56160,,SEGLIEN,48.102464719,-3.151731901
56248,SURZUR,56450,,SURZUR,47.569107019,-2.627192139
56259,LA TRINITE SURZUR,56190,,LA TRINITE SURZUR,47.604979517,-2.592064463
56007,AURAY,56400,,AURAY,47.667479044,-2.990480599
56015,BERRIC,56230,,BERRIC,47.63852606,-2.527347397
56026,BUBRY,56310,,BUBRY,47.968840088,-3.176179002
56028,CADEN,56220,,CADEN,47.640465758,-2.29940429
56029,CALAN,56240,,CALAN,47.880402675,-3.312145724
56034,CARNAC,56340,,CARNAC,47.608568525,-3.069968945
56039,LA CHAPELLE NEUVE,56500,,LA CHAPELLE NEUVE,47.855792123,-2.933979588
56043,CONCORET,56430,,CONCORET,48.065570226,-2.209424921
56052,DAMGAN,56750,,DAMGAN,47.522360225,-2.585773021
56053,ELVEN,56250,,ELVEN,47.732777259,-2.592959731
56055,ETEL,56410,,ETEL,47.656685091,-3.198362331
56056,EVRIGUET,56490,,EVRIGUET,48.083486637,-2.404963276
56061,LA GACILLY,56200,,LA GACILLY,47.763828747,-2.14023729
56061,LA GACILLY,56200,LA CHAPELLE GACELINE,LA GACILLY,47.763828747,-2.14023729
56072,GUELTAS,56920,,GUELTAS,48.091605614,-2.810458132
56082,HELLEAN,56120,,HELLEAN,47.967923489,-2.480636576
56090,INZINZAC LOCHRIST,56650,,INZINZAC LOCHRIST,47.856381763,-3.251954912
56099,LANGOELAN,56160,,LANGOELAN,48.121011246,-3.233228076
56116,LOCMARIAQUER,56740,,LOCMARIAQUER,47.577600653,-2.96276473
56118,LOCMIQUELIC,56570,,LOCMIQUELIC,47.730934277,-3.329045142
56121,LORIENT,56100,,LORIENT,47.750711617,-3.378920629
56130,MERLEVENEZ,56700,,MERLEVENEZ,47.732694981,-3.244200009
56139,MONTERTELOT,56800,,MONTERTELOT,47.885921308,-2.412428125
56145,NEANT SUR YVEL,56430,,NEANT SUR YVEL,48.022478006,-2.333055924
56151,NOYAL PONTIVY,56920,,NOYAL PONTIVY,48.061462547,-2.891152065
56161,PLOEMEL,56400,,PLOEMEL,47.659528545,-3.07155781
56162,PLOEMEUR,56270,,PLOEMEUR,47.732532156,-3.442277001
56163,PLOERDUT,56160,,PLOERDUT,48.092623611,-3.288195332
56165,PLOERMEL,56800,,PLOERMEL,47.917356575,-2.379915883
56171,PLUHERLIN,56220,,PLUHERLIN,47.715073695,-2.370212879
56179,PONT SCORFF,56620,,PONT SCORFF,47.839349037,-3.41961778
56186,QUIBERON,56170,,QUIBERON,47.487962212,-3.122714113
56190,REGUINY,56500,,REGUINY,47.986293689,-2.771251437
56197,VAL D OUST,56460,LE ROC ST ANDRE,VAL D OUST,47.870825024,-2.431663823
56197,VAL D OUST,56800,QUILY,VAL D OUST,47.870825024,-2.431663823
56202,ST ABRAHAM,56140,,ST ABRAHAM,47.848117694,-2.406372685
56203,ST AIGNAN,56480,,ST AIGNAN,48.182188636,-3.049019465
56207,ST BARTHELEMY,56150,,ST BARTHELEMY,47.926866163,-3.040579406
56213,ST GERAND CROIXANVEC,56920,ST GERAND,ST GERAND CROIXANVEC,48.108887728,-2.886072133
56216,ST GORGON,56350,,ST GORGON,47.642124298,-2.238225623
56223,ST JEAN LA POTERIE,56350,,ST JEAN LA POTERIE,47.64545314,-2.122800698
56229,ST MARTIN SUR OUST,56200,,ST MARTIN SUR OUST,47.762734902,-2.264528098
56241,SAUZON,56360,,SAUZON,47.354062986,-3.230901296
56247,SULNIAC,56250,,SULNIAC,47.660294803,-2.562207769
56252,LE TOUR DU PARC,56370,,LE TOUR DU PARC,47.529413739,-2.654119297
56256,TREHORENTEUC,56430,,TREHORENTEUC,48.004180848,-2.295374439
56258,LA TRINITE SUR MER,56470,,LA TRINITE SUR MER,47.589980808,-3.036318716
56264,KERNASCLEDEN,56540,,KERNASCLEDEN,48.008452888,-3.329088072
